link;brand;warranty;processor;ram;hardDrive;grapCard;capGrapCard;opSystem;screenSize;price
https://www.falabella.com.co/falabella-co/product/39711270/Portatil-HP-EF2518LA-15.6-pulgadas-AMD-RYZEN-R3-12GB-256GB/39711270;HP;1 año;AMD RYZEN R3;12GB;256GB;;No aplica;Windows 11 home;15.6 pulgadas;1.799.900
https://www.falabella.com.co/falabella-co/product/38290456/Portatil-Lenovo-IdeaPad-5-15.6-pulgadas-AMD-RYZEN-R5-16GB-512GB/38290456;LENOVO;1 año;AMD RYZEN R5;16GB;512GB;;No aplica;Windows 11 Home;15.6 pulgadas;3.479.900
https://www.falabella.com.co/falabella-co/product/45550123/Portatil-Lenovo-IdeaPad-3-14-Pulgadas-Core-i5-8GB-256GB-Full-HD/45550123;LENOVO;1 año;Intel Core i5;8GB;256GB;;No aplica;Windows 11 Home;14 pulgadas;1.999.900
https://www.falabella.com.co/falabella-co/product/60835699/Portatil-Lenovo-IdeaPad-3-14-pulgadas-Intel-Core-i5-8GB-256GB/60835699;LENOVO;1 Año;Intel Core i5;8GB;256GB;;No aplica;Windows 11;14 pulgadas;2.119.900
https://www.falabella.com.co/falabella-co/product/prod12160006/MacBook-Air-Chip-M1-CPU-8%C2%A0Nucleos-GPU-7-Nucleos-256GB-SSD-MGND3LA-A-13-Pulgadas/17861770;APPLE;1 año;Chip M1;8GB;256GB;;GPU 7 núcleos;macOS;13 pulgadas;5.199.900
https://www.falabella.com.co/falabella-co/product/66149284/Portatil-HP-15-ef2519la-15.6-pulgadas-AMD-RYZEN-R5-8GB-512GB-+-Accesorios/66149284;HP;1 año;AMD RYZEN R5;8GB;512GB;;No aplica;Windows 11 Home;15.6 pulgadas;2.119.900
https://www.falabella.com.co/falabella-co/product/43948892/Portatil-Gamer-Asus-TUF-A15-15.6-Pulgadas-AMD-RYZEN-R5-8GB-512GB-NVIDIA-GEFORCE%C2%A0GTX%C2%A01650/43948892;ASUS;1 año;AMD RYZEN R5;8GB;512GB;;4GB;Windows 11 Home;15.6 pulgadas;3.499.900
https://www.falabella.com.co/falabella-co/product/46611532/Portatil-Asus-Zenbook-14-Pulgadas-AMD-RYZEN-R5-16GB-512GB/46611532;ASUS;1 año;AMD RYZEN R5;16GB;512GB;;No aplica;Windows 11 Home;14 pulgadas;3.999.900
https://www.falabella.com.co/falabella-co/product/43948414/Portatil-Asus-X415JA-14-Pulgadas-Intel-Core-i5-8GB-512GB/43948414;ASUS;1 año;Intel Core i5;8GB;512GB;;No aplica;Windows 11 Home;14 pulgadas;1.999.900
https://www.falabella.com.co/falabella-co/product/53457550/Portatil-HP-Pavilion-15.6-Pulgadas-Intel-Core-i5-8GB-256GB/53457550;HP;1 año;Intel Core i5;8GB;256GB;;No aplica;Windows 11;15.6 pulgadas;2.099.900
https://www.falabella.com.co/falabella-co/product/38290454/Portatil-Lenovo-Ideapad-3-14-pulgadas-Intel-Core-i5-8GB-256GB-HD/38290454;LENOVO;1 año;Intel Core i5;8GB;256GB;;No aplica;Windows 11 Home;14 pulgadas;2.119.900
https://www.falabella.com.co/falabella-co/product/116628605/Portatil-Lenovo-V14-ARE-AMD-RYZEN-5-8GB-1TB-HDD-FREE-14%E2%80%B3-GRIS/116628606;LENOVO;12 Meses;AMD ryzen 5;8GB;1TB;Integrada;No aplica;Free dos;14;1.849.000
https://www.falabella.com.co/falabella-co/product/119607036/Portatil-lenovo-amd-ryzen-7-12gb-512gb-Ideapad-3-15%E2%80%9D-gris/119607037;LENOVO;1 año;AMD ryzen 7;12GB;512GB;AMD radeon r7 graphics;;Windows 11;15;3.199.900
https://www.falabella.com.co/falabella-co/product/60645741/Portatil-Asus-Vivobook-OLED-15.6-pulgadas-AMD-RYZEN-R5-8GB-512GB/60645741;ASUS;1 año;AMD RYZEN R5;8GB;512GB;;No aplica;Windows 11 Home;15.6 pulgadas;2.899.900
https://www.falabella.com.co/falabella-co/product/35129542/Portatil-Gamer-HP-Victus-16.1-Pulgadas-Intel-Core-i5-8GB-512GB-NVIDIA-GEFORCE-GTX-1650/35129542;HP;1 año;Intel Core i5;8GB;512GB;;4GB;Windows 11 home;16.1 pulgadas;3.449.900
https://www.falabella.com.co/falabella-co/product/43948413/Portatil-Asus-Vivobook-14-Pulgadas-AMD-RYZEN-R5-16GB-512GB/43948413;ASUS;1 año;AMD RYZEN R5;16GB;512GB;;No aplica;Windows 11 Home;14 pulgadas;2.999.900
https://www.falabella.com.co/falabella-co/product/43948408/Portatil-Gamer-Asus-TUF-Dash%C2%A0F15-15.6-Pulgadas-Intel-Core-i5-16GB-512GB-NVIDIA-GEFORCE%C2%A0RTX%C2%A03050/43948408;ASUS;1 año;Intel Core i5;16GB;512GB;;4GB;Windows 11 Home;15.6 pulgadas;4.799.900
https://www.falabella.com.co/falabella-co/product/32440098/Portatil-Gamer-Lenovo-IdeaPad-Gaming-3-15.6-Pulgadas-Intel-Core-i5-8GB-512GB-NVIDIA-GEFORCE-RTX-3050/32440098;LENOVO;1 año;Intel Core i5;8GB;512GB;;4GB;Windows 10;15.6 pulgadas;4.199.900
https://www.falabella.com.co/falabella-co/product/28716195/Portatil-Asus-14-Pulgadas-Intel-Core-i3-8GB-256GB/28716195;ASUS;1 año;Intel Core i3;8GB;256GB;;No aplica;Windows 11 Home;14 pulgadas;1.699.900
https://www.falabella.com.co/falabella-co/product/39524121/Portatil-Lenovo-IdeaPad-5-14-Pulgadas-AMD-RYZEN-R7-16GB-512GB/39524121;LENOVO;1 año;AMD RYZEN R7;16GB;512GB;;No aplica;Windows 11 Home;14 pulgadas;3.299.900
https://www.falabella.com.co/falabella-co/product/55903812/Portatil-Gamer-HP-Victus-15.6-Pulgadas-AMD-RYZEN-R5-8GB-512GB-NVIDIA-RTX3050-GPU-NVIDIA%C2%AE-GeForce-RTX-3050/55903812;HP;1 año;AMD RYZEN R5;8GB;512GB;;4GB;Windows 11;15.6 pulgadas;3.999.900
https://www.falabella.com.co/falabella-co/product/32440097/Portatil-Lenovo-IdeaPad-5-14-Pulgadas-Intel-Core-i7-16GB-512GB/32440097;LENOVO;1 año;Intel Core i7;16GB;512GB;;No aplica;Windows 11 Home;14 pulgadas;3.699.900
https://www.falabella.com.co/falabella-co/product/41748718/Portatil-Asus-Vivobook-15X-OLED-15.6-pulgadas-Intel-Core-i5-16GB-512GB/41748718;ASUS;1 año;Intel Core i5;16GB;512GB;;No aplica;Windows 11 Home;15.6 pulgadas;4.199.900
https://www.falabella.com.co/falabella-co/product/117692875/Portatil-Celeron-N4020-Memoria-Ram-4-disco-duro-Gb-500gb-Pantalla-14-Negro./117692876;GENERICO;6 meses;Intel celeron;4GB;500GB;Intel uhd graphics 600;;Windows;14;669.900
https://www.falabella.com.co/falabella-co/product/62830684/Portatil-Acer-Nitro-15.6-pulgadas-Intel-Core-i5-8GB-512GB-NVIDIA-GeForce-GTX-1650-4GB-GDDR6/62830684;ACER;1 año;Intel Core i5;8GB;512GB;;4GB;Windows 11;15.6 pulgadas;3.449.900
https://www.falabella.com.co/falabella-co/product/43948893/Portatil-Gamer-Asus-ROG-Strix-G15-15.6-Pulgadas-AMD-RYZEN-R7-16GB-512GB-NVIDIA-GEFORCE%C2%A0RTX%C2%A03050/43948893;ASUS;2 años;AMD RYZEN R7;16GB;512GB;;4GB;Windows 11 Home;15.6 pulgadas;6.299.900
https://www.falabella.com.co/falabella-co/product/119807277/Portatil-Hp-14-pulgadas-dq2520la-Core-I5-1135G7-8Gb-256-Gb-Win-10-Prueba/119807283;HP;12 meses;Intel core i5;;256GB;;;Free dos;14;1.929.900
https://www.falabella.com.co/falabella-co/product/61899466/Portatil-HP-Pavilion-15.6-pulgadas-Intel-Core-i5-16GB-512GB/61899466;HP;1 año;Intel Core i5;16GB;512GB;;No aplica;Windows 11;15.6 pulgadas;3.199.900
https://www.falabella.com.co/falabella-co/product/117775991/Portatil-asus-x415ja-bv2029-intel-core-i3-1005g1-ram-12-gb-ssd-256-pantalla-14-/117775992;ASUS;12 meses;Intel core i3;12GB;256GB;;No aplica;Endless os;14;1.499.000
https://www.falabella.com.co/falabella-co/product/prod12690010/MacBook-Air-Chip-M2-CPU-8-nucleos-GPU-8%C2%A0nucleos-256GB-SSD-MLXW3E-A-13.6-pulgadas/36766410;APPLE;1 año;Chip M2;8GB;256GB;;No aplica;macOS;13.6 pulgadas;7.649.900
https://www.falabella.com.co/falabella-co/product/68456814/Portatil-Hp-15-Amd-Ryzen-5-512Gb-Ssd-12Gb-Ram/68456814;HP;;Amd ryzen r5;12gb;512gb;;No aplica;De fabricante;15.6 pulgadas;1.899.900
https://www.falabella.com.co/falabella-co/product/62848660/Apple-Mac-Mini-Chip-M2-MMFJ3LZ-A/62848660;APPLE;1 año;Apple Chip M2;8GB;256GB;;No aplica;macOS;No aplica;3.749.900
https://www.falabella.com.co/falabella-co/product/118670203/Portatil-Lenovo-IdeaPad-14ADA05-platinum-gray-14-AMD-Athlon-Silver-3050U-8-GB-256GB-FreeDOS/118670205;LENOVO;12 meses;AMD athlon;8GB;256GB;;No aplica;Free dos;14;1.149.900
https://www.falabella.com.co/falabella-co/product/62830683/Portatil-Acer-Nitro-15.6-pulgadas-Intel-Core-i5-8GB-512GB-NVIDIA-GeForce-RTX-3050-4GB-GDDR6/62830683;ACER;1 año;Intel Core i5;8GB;512GB;;4GB;Windows 11;15.6 pulgadas;4.099.900
https://www.falabella.com.co/falabella-co/product/41748717/Portatil-Asus-Vivobook-15-15.6-pulgadas-Intel-Core-i5-16GB-512GB/41748717;ASUS;1 año;Intel Core i5;16GB;512GB;;No aplica;Windows 11 Home;15.6 pulgadas;3.299.900
https://www.falabella.com.co/falabella-co/product/119330009/Portatil-Lenovo-Ideapad-3-14ITL6-Core-i5-RAM-12GB-256GB-SSD-14-pulgadas/119330010;LENOVO;12 meses;Intel core i5;12GB;256GB;Inter Iris Xe;No aplica;Linux;14;2.149.900
https://www.falabella.com.co/falabella-co/product/35129541/Portatil-HP-15.6-Pulgadas-AMD-Ryzen-R7-16GB-512GB/35129541;HP;1 año;AMD RYZEN R7;16GB;512GB;;No aplica;Windows 11 home;15.6 pulgadas;3.399.900
https://www.falabella.com.co/falabella-co/product/62830685/Portatil-Acer-Aspire-5-15.6-pulgadas-Intel-Core-i5-8GB-512GB/62830685;ACER;1 año;Intel Core i5;8GB;512GB;;No aplica;Windows 11;15.6 pulgadas;2.899.900
https://www.falabella.com.co/falabella-co/product/119928293/Asus-x415ea-ek1183-core-i5-1135g7-ram12gb-ssd-256gb-14-fhd-endless/119928295;ASUS;12 meses;Intel core i5;12GB;256GB;;;Linux;14;2.099.900
https://www.falabella.com.co/falabella-co/product/46611530/Portatil-Gamer-Asus-Strix-G15-15.6-Pulgadas-AMD-RYZEN-R7-16GB-1TB-NVIDIA-GeForce%C2%A0RTX-3060/46611530;ASUS;2 años;AMD RYZEN R7;16GB;1TB;;6GB;Windows 11 Home;15.6 pulgadas;8.199.900
https://www.falabella.com.co/falabella-co/product/119564507/Portatil-Dell-Inspiron-15-3515-Ryzen-5-3450U-Ram-8Gb-Ssd-256Gb-Pantalla-15,6-Hd/119564508;DELL;1 año;AMD ryzen 5;8GB;256GB;Integrada;No aplica;Endless os;15;1.549.000
https://www.falabella.com.co/falabella-co/product/60839888/Portatil-Gamer-Lenovo-IdeaPad-Gaming-3-15.6-pulgadas-Intel-Core-i7-16GB-512GB/60839888;LENOVO;1 Año;Intel Core i7;16GB;512GB;;4GB;Windows 11;15.6 pulgadas;6.599.900
https://www.falabella.com.co/falabella-co/product/119036807/Portatil-HP-240-G7-Intel-Celeron-N4020-4GB-500GB-FreeDOS/119036808;HP;12 meses;Intel celeron;4GB;500GB;Integrada;No aplica;Free dos;14;859.900
https://www.falabella.com.co/falabella-co/product/60645743/Portatil-Asus-Vivobook-Pro-15.6-pulgadas-AMD-RYZEN-R5-8GB-512GB/60645743;ASUS;1 año;AMD RYZEN R5;8GB;512GB;;4GB;Windows 11 Home;15.6 pulgadas;3.999.900
https://www.falabella.com.co/falabella-co/product/119399598/Portatil-HP-14-DQ0517LA-Intel-Celeron-N4120-256GB-SSD-4GB/119399601;HP;12 meses;Intel celeron;4GB;1TB;Integrada;No aplica;Free dos;14;909.900
https://www.falabella.com.co/falabella-co/product/33662669/Portatil-Xpg-Xenia-Xe-Intel-Core-I7-1Tb-Ssd-16Gb/33662669;Xpg;12 meses;Intel core i7;16gb;1tb;;No aplica;Windows 10 home;15.6 pulgadas;4.459.900
https://www.falabella.com.co/falabella-co/product/62848659/Macbook-Pro-Chip-M2-Pro-16GB-512GB-MNW83E-A-16-pulgadas/62848659;APPLE;1 año;Apple Chip M2 Pro;16GB;512GB;;No aplica;macOS;16 pulgadas;15.249.900
https://www.falabella.com.co/falabella-co/product/120542046/PORTATIL-ASUS-M513UA-L1304-AMD-RYZEN-7-5700U-16GB-DDR4-512GB-SSD-PANTALLA-15,6-OLED-FHD/120542047;ASUS;12 MESES;AMD ryzen 7;16GB;512GB;No aplica;No aplica;Free dos;15;3.210.000
https://www.falabella.com.co/falabella-co/product/116628579/Portatil-Dell-VOSTRO-3405-RYZEN-5-RAM-8GB-256GB-SSD-14-LINUX/116628580;DELL;12 Meses;AMD ryzen 5;8GB;256GB;AMD radeon rx vega 8;No aplica;Linux;14;1.629.000
https://www.falabella.com.co/falabella-co/product/21470822/Portatil-Lenovo-Idea-14itl6-Core-I3-11va-4gb-1tb/21470822;Lenovo;12 Meses;Intel Core i3;4GB;1TB;;No aplica;Linux;14 pulgadas;1.399.000
https://www.falabella.com.co/falabella-co/product/60839885/Portatil-Gamer-Lenovo-Legion-5-15.6-pulgadas-AMD-Ryzen-R7-16GB-512GB/60839885;LENOVO;1 Año;AMD RYZEN R7;16GB;512GB;;6GB;Windows 11;15.6 pulgadas;7.299.900
https://www.falabella.com.co/falabella-co/product/65759026/Portatil-Hp-245-G8-14-Pulgadas-Ryzen-3-16Gb-256Gb/65759026;HP;1 año;Amd ryzen r3;16gb;256gb;;No aplica;De fabricante;14 pulgadas;2.999.900
https://www.falabella.com.co/falabella-co/product/68313717/Portatil-Hp-14-Dq0517La-Intel-Celeron-N4120-256Gb/68313717;HP;;Intel celeron;4gb;256gb;;No aplica;De fabricante;14 pulgadas;959.900
https://www.falabella.com.co/falabella-co/product/120458597/Portatil-Ryzen-7-5800u-Ram-16-Gb-Ssd-512-Win-11-Pro-Teclado-Iluminado./120458598;GENERICO;1 año;AMD ryzen 7;16GB;512GB;AMD radeon r7 graphics;No aplica;Windows 11 Pro;14;1.959.800
https://www.falabella.com.co/falabella-co/product/119958929/Portatil-Asus-E1504FA-NJ474-Ryzen-5-7520U-Ram-16GB-SSD-512GB-Pantalla-156FHD/119958931;ASUS;12 MESES;AMD ryzen 5;16GB;512GB;AMD Radeon Grafics;No aplica;Endless os;15;2.419.000
https://www.falabella.com.co/falabella-co/product/64028806/Portatil-Lenovo-Intel-Core-I7-8Gb-1T-128-Gb-Ssd/64028806;LENOVO;1 año;Intel core i7;8gb;128gb SSD & 1tb HDD;;2gb;De fabricante;15.6 pulgadas;4.999.900
https://www.falabella.com.co/falabella-co/product/62848833/Macbook-Pro-Chip-M2-Pro-16GB-512-GB-MPHE3E-A-14-pulgadas/62848833;APPLE;1 año;Apple Chip M2 Pro;16GB;512GB;;No aplica;macOS;14 pulgadas;12.699.900
https://www.falabella.com.co/falabella-co/product/117139445/Portatil-HP-245-G8-Ryzen-5-Ram-8Gb-SSD-256Gb-14-Linux/117139446;HP;12 meses;AMD ryzen 5;8GB;256GB;;No aplica;Linux;14;1.499.888
https://www.falabella.com.co/falabella-co/product/116628596/Combo-Portatil-Lenovo-V14-ARE-Ryzen-7-RAM-8GB-1TB-HDD-14-Free-Dos-Antivirus/116628599;LENOVO;1 año;AMD ryzen 7;8GB;1TB;Integrada;No aplica;Free dos;14;2.259.900
https://www.falabella.com.co/falabella-co/product/prod12170016/MacBook-Pro-Chip-M1-Pro-512GB-SSD-MKGP3E-A-14.2-Pulgadas/21314324;APPLE;1 año;Chip M1 Pro;16GB;512GB;;No aplica;macOS;14.2 pulgadas;10.999.900
https://www.falabella.com.co/falabella-co/product/34945594/Portatil-Gamer-Acer-Predator-15.6-15.6-pulgadas-Intel-Core-i7-16GB-512GB-NVIDIA-GEFORCE-RTX-3060/34945594;ACER;1 año;Intel Core i7;16GB;512GB;;4GB;Windows 10 Home;15.6 pulgadas;9.999.900
https://www.falabella.com.co/falabella-co/product/45550124/Portatil-Lenovo-IdeaPad-5-14-Pulgadas-AMD-Ryzen-5-16GB-512GB/45550124;LENOVO;1 año;AMD RYZEN R5;16GB;512GB;;No aplica;Windows 11 Home;14 pulgadas;2.999.900
https://www.falabella.com.co/falabella-co/product/118722450/Portatil-HP-245-G8-Ryzen-5-Ram-16Gb-SSD-256Gb-14-Linux/118722451;HP;12 meses;AMD ryzen 5;16GB;256GB;;No aplica;Linux;14;1.799.888
https://www.falabella.com.co/falabella-co/product/38290467/Portatil-Lenovo-Legion-5-15.6-pulgadas-Intel-Core-i7-16GB-1TB-NVIDIA-GEFORCE-RTX-3060/38290467;LENOVO;1 año;Intel Core i7;16GB;1TB;;6GB;Windows 11 Home;15.6 pulgadas;8.639.900
https://www.falabella.com.co/falabella-co/product/32651903/Portatil-Msi-Gf7612U-Katana-Ci7-16G-512G/32651903;MSI;;Intel core i7;16gb;512gb;;6gb;Linux;17.3 pulgadas;8.847.050
https://www.falabella.com.co/falabella-co/product/45549983/Portatil-Gamer-Lenovo-IdeaPad-Gaming-3-15.6-Pulgadas-AMD-Ryzen-5-8GB-1TB-256GB/45549983;LENOVO;1 año;AMD RYZEN R5;8GB;256GB;;4GB;Windows 11 Home;15.6 pulgadas;4.199.900
https://www.falabella.com.co/falabella-co/product/120473150/Portatil-ASUS-TUF-F15-FX506LH-Core-i5-16GB-RAM-512GB-SSD-15,6-FHD-4GB-VRAM/120473151;ASUS;12 meses;Intel core i5;16GB;512GB;GeForce GTX 1650 4GB;4GB;Linux;15;3.499.900
https://www.falabella.com.co/falabella-co/product/118483731/Portatil-AcerTravelMate-B3-11.6-Intel-Celeron-N4120-8GB-Ram-128GB-Win-10-Pro-Ed/118483732;ACER;6 meses;;8GB;;Intel uhd graphics 600;;Windows 10;;759.300
https://www.falabella.com.co/falabella-co/product/16593560/Portatil-hp-14-pulgadas-amd-ryzen-r3-4gb-ram/16593560;HP;12 Meses;AMD RYZEN R3;4GB;1TB;;No aplica;Windows 10 Home;14 pulgadas;1.199.900
https://www.falabella.com.co/falabella-co/product/65713907/Portatil-Hp-245-G8-14-Pulgadas-Ryzen-3-8Gb-256Gb/65713907;HP;1 año;Amd ryzen r3;8gb;256gb;;No aplica;De fabricante;14 pulgadas;1.899.900
https://www.falabella.com.co/falabella-co/product/117741799/Portatil-Toshiba-Tecra-A40-g-Celeron-5205U-4gb-128gb-Ssd-14-W10-pro-Education/117741801;TOSHIBA;12 meses;Intel celeron;4GB;128GB;;No aplica;Windows 10;14;999.888
https://www.falabella.com.co/falabella-co/product/117435885/Portatil-hp-amd-ryzen-5-5500u-ram-20gb-ssd-256gb/117435887;HP;1 año;AMD ryzen 5;20GB;256GB;Integrada;No aplica;Free dos;14;1.729.000
https://www.falabella.com.co/falabella-co/product/120519522/ASUS-13-ZenBook-Flip-S13-OLED-Multi-Touch-2-in-1-Notebook-Jade-Black/120519523;ASUS;3 meses;Intel core i7;16GB;1TB;No aplica;No aplica;Windows 11 Pro;13;5.499.000
https://www.falabella.com.co/falabella-co/product/55885038/Portatil-Gamer-Acer-Nitro-15.6-Pulgadas-Intel-Core-i5-8GB-512GB-NVIDIA-GeForce-GTX-1650-4GB-GDDR6/55885038;ACER;1 año;Intel Core i5;8GB;512GB;;4GB;Windows 11;15.6 pulgadas;3.399.900
https://www.falabella.com.co/falabella-co/product/68313716/Portatil-Hp-240-G7-Intel-Celeron-N4020-500Gb-Hdd/68313716;HP;;Intel celeron;4gb;500gb;;No aplica;De fabricante;14 pulgadas;886.900
https://www.falabella.com.co/falabella-co/product/118184246/Portatil-hp-intel-core-i5-1021u-ram-20gb-ram-ssd-256gb-pantalla-14-hd/118184248;HP;1 año;Intel core i5;20GB;256GB;Integrada;No aplica;Free dos;14;2.099.900
https://www.falabella.com.co/falabella-co/product/119776964/Portatil-HP-14-cf2066la-Intel-Core-i3-RAM-8GB-SSD-512GB-14-HD-Windows-10-Home/119776965;HP;;Intel core i3;8GB;512GB;Integrada;;;14;1.505.900
https://www.falabella.com.co/falabella-co/product/66820912/Portatil-Hp-14-Cf2514La-Core-I3-10110U-4Gb-256Gb-S/66820912;HP;12 meses;Intel core i3;4gb;256gb;;No aplica;Windows 10 home;14 pulgadas;1.549.900
https://www.falabella.com.co/falabella-co/product/32157732/Portatil-Asus-X415Ja-Intel-Core-I3-4Gb-1Tb-Windows/32157732;ASUS;;Intel core i3;4gb;1tb;;No aplica;Windows 10;14 pulgadas;2.599.900
https://www.falabella.com.co/falabella-co/product/117168286/Portatil-lenovo-v145-14ast-amd-a6-9225-8-gigas-14-/117168288;LENOVO;;AMD a6;8GB;500GB;;;;;1.179.000
https://www.falabella.com.co/falabella-co/product/119670187/Portatil-Lenovo-Ideapad-3-14ITL6-Core-i5-RAM-8GB-256GB-SSD-14-pulgadas/119670188;LENOVO;12 meses;Intel core i5;8GB;256GB;Inter Iris Xe;No aplica;Linux;14;2.499.000
https://www.falabella.com.co/falabella-co/product/118668958/Computador-Gamer-Ryzen-5600G-16GB-RAM-SSD-500GB/118668959;AMD;;AMD ryzen 5;16GB;500GB;;No aplica;Windows 10;1;2.299.900
https://www.falabella.com.co/falabella-co/product/119518664/Portatil-dell-inspiron-3515-ryzen-5-3450u-15.6-amd-16gb-512gb-ssd-Win-10/119518665;DELL;1 año;AMD ryzen 5;16GB;512GB;;;Windows 10;15;2.099.900
https://www.falabella.com.co/falabella-co/product/118324216/PORTATIL-DELL-LATITUDE-5420-CORE-I7-ONCE-VPRO-,-16GB-,-SSD-512GB-WIN-10-PRO-14/118324217;DELL;12 meses;Intel core i7;16GB;512GB;Inter Iris Xe;;Windows 10;14;6.299.900
https://www.falabella.com.co/falabella-co/product/14471979/Portatil-Lenovo-V145-14Ast-Amd-A6-4Gb-500Gb-Win10/14471979;LENOVO;1 año;Amd a6;4gb;4tb SSD & 500gb HDD;;No aplica;Windows 10 home;14 pulgadas;1.055.000
https://www.falabella.com.co/falabella-co/product/37807734/Portatil-Asus-14-Pulgadas-Intel-Core-I5-4Gb-256Gb/37807734;ASUS;12 meses;Intel core i5;4gb;256gb;;No aplica;Linux;14 pulgadas;2.999.900
https://www.falabella.com.co/falabella-co/product/66990348/Lenovo-3-14ada05-amd-athlon-silver-3050u-14-4gb/66990348;LENOVO;12 meses;Amd;4gb;256gb;;No aplica;De fabricante;14 pulgadas;889.900
https://www.falabella.com.co/falabella-co/product/117435782/Portatil-asus-m1502-ryzen-5-4600h-ram-16gb-ssd-512gb-huella/117435784;ASUS;1 año;AMD ryzen 5;16GB;512GB;AMD Radeon Grafics;No aplica;Linux;15;2.489.000
https://www.falabella.com.co/falabella-co/product/prod12170017/MacBook-Pro-Chip-M1-Pro-512GB-SSD-MK1E3E-A-16.2-Pulgadas/21314318;APPLE;1 año;Chip M1 Pro;16GB;512GB;;No aplica;macOS;16.2 pulgadas;13.528.900
https://www.falabella.com.co/falabella-co/product/120662409/Portatil-HP-15-DW1073LA-Core-i7,-Pantalla-15.6-,-8-GB-Ram/120662410;HP;1 año;Intel core i7;8GB;256GB;;;Windows 11;;2.499.900
https://www.falabella.com.co/falabella-co/product/60835698/Portatil-Lenovo-IdeaPad-1-14-pulgadas-Intel-Core-i3-8GB-512GB/60835698;LENOVO;1 Año;Intel Core i3;8GB;512GB;;No aplica;Windows 11;14 pulgadas;2.119.900
https://www.falabella.com.co/falabella-co/product/60839886/Portatil-Lenovo-Yoga-Slim-7-Pro-14-pulgadas-AMD-Ryzen-R5-16GB-512GB/60839886;LENOVO;1 Año;AMD RYZEN R5;16GB;512GB;;2GB;Windows 11;14 pulgadas;4.999.900
https://www.falabella.com.co/falabella-co/product/66335208/Portatil-Hp-245-G8-Amd-Ryzen-5-5500U-8Gb-256Ssd-14/66335208;HP;12 meses;Amd ryzen r5;8gb;256gb;;No aplica;De fabricante;14.1 pulgadas;1.489.900
https://www.falabella.com.co/falabella-co/product/119444473/Portatil-Asus-M1402ia-ek134-Ryzen-5-4600h-Ram-8gb-Ssd-512gb-Pantalla-14/119444474;ASUS;1 año;AMD ryzen 5;8GB;512GB;AMD radeon r5 graphics;No aplica;Endless os;14;2.199.000
https://www.falabella.com.co/falabella-co/product/120528031/Portatil-Asus-M515DA-EJ1560-Ryzen-5-3500U-Ram-8GB-1-Tera-15,6-FREE-GREY/120528035;ASUS;12 Meses;AMD ryzen 5;8GB;1TB;Integrada;;Free dos;15;1.769.000
https://www.falabella.com.co/falabella-co/product/120754643/Portatil-Asus-Gamer-M3401qc-Ryzen-7-5800H-16Gb-512Ssd-Tv-4gb-3050/120754644;ASUS;12 meses;AMD ryzen 7;16GB;512GB;;4GB;Free dos;14;4.989.888
https://www.falabella.com.co/falabella-co/product/118348413/PORTATIL-GAMER-MSI-GS76-STEALTH-11UH-CORE-I7-11800H-,RAM-32GB-,DISCO-SSD-1TB-RTX-3080-16GB-17.3/118348414;MSI;12 meses;Intel core i7;32GB;1TB;;8GB;Windows 10;17;11.599.900
https://www.falabella.com.co/falabella-co/product/117304549/Portatil-Asus-Vivobook-15-CORE-I5-RAM-8GB-256GB-SSD-15,6-W10H-TOUCH/117304550;ASUS;12 Meses;Intel core i5;8GB;256GB;;No aplica;Windows 10;15;2.819.900
https://www.falabella.com.co/falabella-co/product/23478502/Portatil-Dell-Vostro-Amd-Ryzen5-8Gb-256Ssd-Ubuntu/23478502;DELL;1 año;Amd ryzen r5;6gb;240gb;;No aplica;Linux;14 pulgadas;1.559.999
https://www.falabella.com.co/falabella-co/product/119862160/Portatil-Asus-X415ja-Core-I3-1005g1-Ram-8Gb-SSD-256Gb-14-Gris-Winndows-10/119862163;ASUS;1 año;Intel core i3;8GB;256GB;No aplica;;Windows 10;14;1.489.900
https://www.falabella.com.co/falabella-co/product/120473253/Portatil-ASUS-TUF-F15-FX506LH-Core-i5-32GB-RAM-512GB-SSD-15,6-FHD-4GB-VRAM/120473254;ASUS;12 meses;Intel core i5;32GB;512GB;GeForce GTX 1650 4GB;4GB;Linux;15;3.899.900
https://www.falabella.com.co/falabella-co/product/25023638/Portatil-Acer-Gateway-Core-I3-4gb-128gb-SDD-Win10H/25023638;GATEWAY;12 Meses;Intel Core i3;4GB;128GB;;No aplica;Windows 10;14.1 pulgadas;1.700.000
https://www.falabella.com.co/falabella-co/product/119650736/PORTATIL-ASUS-X1502ZA-BQ243-INTEL-CORE-I5-1240P-8GB-DDR4-512GB-SSD-PANTALLA-15.6-FHD/119650737;ASUS;12 MESES;Intel core i5;8GB;512GB;Intel uhd graphics 600;No aplica;Endless os;15;2.557.300
https://www.falabella.com.co/falabella-co/product/120794693/Combo-Portatil-HP-245-Ryzen-5-16gb-256gb-+-1tb-hdd-14-Win-10-Pro-+-kaspersky/120794696;HP;12 Meses;AMD ryzen 3;16GB;256GB;;No aplica;Windows 10 Pro;14;2.399.900
https://www.falabella.com.co/falabella-co/product/118333286/LENOVO-THINKPAD-T14-RYZEN-7-5850U-,32-GB-SSD-512-GB-14-TOUCH/118333287;LENOVO;3 años;AMD ryzen 7;32GB;512GB;;No aplica;Windows 10;14;5.999.900
https://www.falabella.com.co/falabella-co/product/116628581/Portatil-Dell-Vostro-3400-Intel-Core-i5-RAM-4GB-1-TB-HDD-14-Free/116628583;DELL;12 Meses;Intel core i5;4GB;1TB;Intel hd graphics 620;;Free dos;14;1.699.900
https://www.falabella.com.co/falabella-co/product/119621990/Portatil-Toshiba-DYNABOOK-TECRA-A40-G-Intel-Core-i7-10610-256GB-8GB-14-freedos/119621991;TOSHIBA;1 año;Intel core i7;8GB;256GB;Integrada;No aplica;Free dos;14;3.189.900
https://www.falabella.com.co/falabella-co/product/120523104/Portatil-HP-15-EF2517LA-AMD-Ryzen-5-5500U-512GB-SSD-12GB-RAM/120523106;HP;12 meses;AMD ryzen 5;12GB;512GB;Integrada;No aplica;Free dos;15;1.859.900
https://www.falabella.com.co/falabella-co/product/120526277/Portatil-HP-630-G9-CORE-I7-1255U-Ram-16GB-512GB-SSD-13-W10P/120526278;HP;;Intel core i7;16GB;512GB;Integrada;;Windows 10;13;4.739.000
https://www.falabella.com.co/falabella-co/product/120809277/Portatil-Dell-Vostro-3400-Core-I5-1135g7-11va-20gb-1tb-+250GB-Linux/120809278;DELL;1 años;Intel core i5;16GB;1TB;Intel Iris Xe Graphics;No aplica;Linux;14;2.179.000
https://www.falabella.com.co/falabella-co/product/120857217/PORTATIL-ASUS-P1412CEA-EK0883X-CI5-8GB-512-SSD-Mouse/120857218;ASUS;12 meses;Intel core i7;8GB;512GB;Intel Iris Xe Graphics;No aplica;Windows 11;14;2.349.888
https://www.falabella.com.co/falabella-co/product/16241759/Portatil-hp-14-dk-amd-athlon-silver-4gb-256gb-ssd/16241759;HP;12 Meses;AMD;4GB;256GB;;No aplica;FreeDOS;14 pulgadas;1.500.000
https://www.falabella.com.co/falabella-co/product/119672588/Portatil-Legion-5-15IMH05-Core-I7-Ram-16GB-1TB-+128GB-SSD-W10H-15,6-TV-4GB-Negro/119672589;LENOVO;12 Meses;Intel core i7;16GB;128GB;GeForce GTX 1650 4GB;4GB;Windows 10 Home;15;6.389.000
https://www.falabella.com.co/falabella-co/product/116624554/Portatil-Lenovo-V14-ITL-14-Core-i5-1135G7-16GB-SSD-512GB-Windows/116624556;LENOVO;12 meses;Intel core i5;16GB;;;;Free dos;;2.999.888
https://www.falabella.com.co/falabella-co/product/119757501/Portatil-Asus-M3500QC-l1296-Ryzen-7-5800h-Ram-16gb-Ssd-512-Rtx3050-4gb/119757502;ASUS;12 MESES;AMD ryzen 7;8GB;512GB;;4GB;Endless os;15;4.999.000
https://www.falabella.com.co/falabella-co/product/119476995/Portatil-Asus-Fx516PC-HN002-Intel-Core-I5-11300h-Ram-8-Gb-Ssd-512-Gb-RTX-3050/119476996;ASUS;1 año;Intel core i5;8GB;512GB;;4GB;Endless os;15;4.199.000
https://www.falabella.com.co/falabella-co/product/120402944/Computador-Portatil-Hp-Intel-Core-i5-1135G7-256Gb-Ssd-8Gb-Ram-14-14-dq2520la/120402945;HP;1 año;Intel core i5;8GB;256GB;Intel Iris Xe Graphics;No aplica;Linux;14;2.604.900
https://www.falabella.com.co/falabella-co/product/116624583/Portatil-asus-k513ea-bq2213-ci7-ssd-512gb-8gb-15.6/116624586;ASUS;;Intel core i7;8GB;;;;Endless os;;3.499.888
https://www.falabella.com.co/falabella-co/product/120459298/Portatil-Asus-Expertbook-Core-I7-1165g7-16gb-512gb-G-force-MX330-2gb/120459300;ASUS;1 año;Intel core i7;16GB;512GB;Integrada;2GB;Windows 10 Pro;14;5.639.000
https://www.falabella.com.co/falabella-co/product/120603626/Portatil-Lenovo-Ideapad-3-Amd-Ryzen-3-5300u-Ram-8gb-Ssd-256-pantalla-14-/120603627;LENOVO;1 año;AMD ryzen 3;8GB;256GB;Integrada;No aplica;Endless os;14;1.399.000
https://www.falabella.com.co/falabella-co/product/119516996/Asus-x415ea-ek1183-core-i5-1135g7-ram20gb-ssd-256gb-14-fhd-endless/119516997;ASUS;12 meses;Intel core i5;20GB;256GB;;;Linux;14;2.289.900
https://www.falabella.com.co/falabella-co/product/120129301/Portatil-Dell-Vostro-3405-Amd-Ryzen-5-3450U-8Gb-Ram-256G-Ssd-14''/120129302;DELL;3 meses;AMD ryzen 5;8GB;256GB;;No aplica;Ubuntu;14;1.549.900
https://www.falabella.com.co/falabella-co/product/119673428/Portatil-Lenovo-Ideapad-3-15ITL-6-Core-I7-Ram-8GB-1-TERA+128GB-SSD-15,6-TV2GB-Free/119673429;LENOVO;12 Meses;Intel core i7;8GB;128GB;No aplica;2GB;Free dos;15;3.689.900
https://www.falabella.com.co/falabella-co/product/120321830/Portatil-hp-14-cf2522la,-core-i5-10a-gen,-ram-12-gb,-ssd-256-gb,-14-hd/120321831;HP;12 meses;Intel core i5;12GB;256GB;;;Free dos;;1.831.873
https://www.falabella.com.co/falabella-co/product/120809162/Portatil-Dell-Vostro-3400-Core-I5-1135g7-11va-20gb-1tb-+500GB-Linux/120809163;DELL;1 años;Intel core i5;16GB;1TB;Intel Iris Xe Graphics;No aplica;Linux;14;2.249.000
https://www.falabella.com.co/falabella-co/product/116641213/Portatil-XPG-Xenia-Xe-Intel-Core-i7-1165G7-1TB-SSD-16GB-17-Touch/116641214;XPG;12 meses;Intel core i7;16GB;1TB;Inter Iris Xe;No aplica;Windows 10;17;4.459.900
https://www.falabella.com.co/falabella-co/product/119714715/PORTATIL-GAMER-PULSE-GL76-12UEK-207CA-CORE-I9-12900H-512-SSD-16-GB-RTX-3060-6-GBDDR6-17.3-IPS-360-HZ/119714716;MSI;12 meses;Intel core i9;16GB;512GB;GeForce RTX 2060 6GB GDDR6;6GB;Windows 11 Home;17;12.599.800
https://www.falabella.com.co/falabella-co/product/120002937/Portatil-acer-chromebook-tactil-c731t-intelceleron-n3060-4gb-ram-16gb-sdd/120002939;ACER;;Intel celeron;4GB;16GB;Intel hd graphics 400;;Chrome os;;1.000.000
https://www.falabella.com.co/falabella-co/product/118334744/Portatil-coin-lum-310-core-i3-4gb-ram-+-256gb-ssd-gris/118334745;TOUCH;12 meses;Otros;;;;;;;1.134.900
https://www.falabella.com.co/falabella-co/product/119357731/Portatil-Asus-M1402I-R5-4600H-8G-512SSD-Negro/119357733;ASUS;;AMD ryzen 5;;;;;;;2.199.000
https://www.falabella.com.co/falabella-co/product/119453479/Computador-Portatil-Asus-Gamer-G513ic-16gb-512gb%C2%A0win%C2%A010%C2%A0home/119453480;ASUS;12 meses;AMD ryzen 7;16GB;2TB;;4GB;Windows;15;5.599.888
https://www.falabella.com.co/falabella-co/product/120608116/Portatil-Asus-Core-I5-1135g7-16gb-512gb-Win-11-Pro-Fhd-P1412/120608118;ASUS;1 año;Intel core i5;16GB;512GB;Integrada;;Windows;14;2.699.000
https://www.falabella.com.co/falabella-co/product/118033957/PORTATIL-ASUS-EXPERTBOOK-B1440FA-BV3124-14-CORE-I3-4GB-1TB/118033958;ASUS;12 meses;Intel core i3;4GB;1TB;Intel uhd graphics 620;No aplica;Endless os;14;1.349.888
https://www.falabella.com.co/falabella-co/product/39711269/Portatil-HP-EF2511LA-15.6-pulgadas-AMD-RYZEN-R5-8GB-256GB/39711269;HP;1 año;AMD RYZEN R5;8GB;256GB;;No aplica;Windows 11 home;15.6 pulgadas;1.899.900
https://www.falabella.com.co/falabella-co/product/120527078/Portatil-HP-EliteBook-830-G8-Core-i7-1165G7-Ram-16GB-512GB-SSD-13.3%E2%80%9D-W10P/120527079;HP;12 Meses;Intel core i7;16GB;512GB;No aplica;No aplica;Windows 10;13;4.519.000
https://www.falabella.com.co/falabella-co/product/119636546/Portatil-Acer-Gateway-Slim-Ryzen-7-3700U-8gb-512gb-SSD,-15.6-Win-11-Gris/119636547;GATEWAY;12 Meses;AMD ryzen 7;8GB;512GB;AMD radeon vega 10;No aplica;Windows 11 Home;15;2.599.900
https://www.falabella.com.co/falabella-co/product/120494143/TODO-EN-UNO-LENOVO-A340-24IGM-INTEL-PENTIUM-SILVER-J5040-8GB-256GB-SSD-WIN-11/120494144;LENOVO;12 meses;;8GB;256GB;;;Windows 11;24;1.609.000
https://www.falabella.com.co/falabella-co/product/117506108/PORTATIL-RAIDER-GE66-GAMER-I7-12700H-16GB-SSD-512RTX-30708GB-15.6-360HZ/117506109;MSI;12 meses;Intel core i7;16GB;512GB;;8GB;Windows 11;15;9.999.900
https://www.falabella.com.co/falabella-co/product/120474132/Portatil-ASUS-TUF-F15-FX506LH-Core-i5-24GB-RAM-512GB-SSD-156-FHD-4GB-VRAM/120474133;ASUS;12 meses;Intel core i5;24GB;512GB;GeForce GTX 1650 4GB;4GB;Linux;15;3.599.900
https://www.falabella.com.co/falabella-co/product/119645379/Portatil-Hp-Pro-Book-445-G8-Ryzen-7-5850u-Ram-16-Gb-Ssd-1-Thera-14/119645380;HP;12 meses;AMD ryzen 7;16GB;1TB;AMD Radeon Grafics;;Windows 10 Pro;14;5.999.900
https://www.falabella.com.co/falabella-co/product/120799685/Portatil-Dell-Vostro-Ryzen-5-3450u-16gb-Ssd-256gb+240gb-serie-3405/120799687;DELL;1 años;AMD ryzen 5;16GB;256GB;AMD Radeon Grafics;No aplica;Ubuntu;14;1.679.000
https://www.falabella.com.co/falabella-co/product/35214640/Portatil-Lenovo-Thinkbook-13-Intel-Core-I5-256Gb/35214640;LENOVO;12 meses;Intel core i5;8gb;256gb;;No aplica;Windows 10;13.3 pulgadas;4.599.900
https://www.falabella.com.co/falabella-co/product/120795266/Portatil-Asus-Ryzen-5-5600u-16gb-512gb-SSD-16-FreeDos/120795267;ASUS;12 Meses;AMD ryzen 5;16GB;512GB;;No aplica;Free dos;16;2.899.900
https://www.falabella.com.co/falabella-co/product/43037804/Poratil-Asus-14-Pulg-Core-I3-4Gb-256Ssd/43037804;ASUS;12 meses;Amd a4;3gb;240gb;;No aplica;Windows 10;14 pulgadas;1.350.000
https://www.falabella.com.co/falabella-co/product/65759091/Portatil-Hp-245-G8-14-Pulgadas-Ryzen-3-12-Gb-256Gb/65759091;HP;1 año;Amd ryzen r3;12gb;256gb;;No aplica;De fabricante;14 pulgadas;2.099.900
https://www.falabella.com.co/falabella-co/product/118729907/Portatil-Lenovo-V14-ARE-Ryzen-7-12Gb-SSD-512GB-14-/118729909;LENOVO;12 meses;AMD ryzen 7;12GB;512GB;;No aplica;Linux;14;2.899.888
https://www.falabella.com.co/falabella-co/product/120467162/Portatil-Lenovo-Core-I3-Ram-12gb-Ssd-512gb-Fhd-Onceava-generacion/120467163;LENOVO;1 año;Intel core i3;12GB;512GB;Integrada;No aplica;Free dos;14;1.559.000
https://www.falabella.com.co/falabella-co/product/59921062/Portatil-Hp-245-G8-14-Ryzen-5-Ram-8Gb-Ssd-256Gb/59921062;HP;;Amd ryzen r5;8gb;256gb;;No aplica;Linux;14 pulgadas;1.599.888
https://www.falabella.com.co/falabella-co/product/68406387/Portatil-Asus-Intel%C2%A0Core-I5%C2%A015.6-Pulgadas-Ssd/68406387;ASUS;;Intel core i5;8gb;512gb;;No aplica;No aplica;15.6 pulgadas;3.951.900
https://www.falabella.com.co/falabella-co/product/118294456/Portatil-toshiba-dynabook-portege-x40-j1431-core-i5-256gb-8gb-win-10-pro-negro/118294457;TOSHIBA;;Otros;;;;;;;3.319.000
https://www.falabella.com.co/falabella-co/product/60835700/Portatil-Lenovo-IdeaPad-5-15.6-pulgadas-Intel-Core-i5-8GB-512GB/60835700;LENOVO;1 Año;Intel Core i5;8GB;512GB;;No aplica;Windows 11;15.6 pulgadas;3.499.900
https://www.falabella.com.co/falabella-co/product/120858181/Portatil-Asus-M515da-bq1415-Amd-Ryzen-5-16gb-1tb-+500gb15,6-Fhd/120858182;ASUS;1 año;AMD ryzen;16GB;1TB;AMD radeon vega 8;No aplica;Linux;15;2.069.000
https://www.falabella.com.co/falabella-co/product/31867956/Computador-Portatil-Janus-I5-8259U-8Gb-Ssd-512/31867956;JANUS;12 meses;Intel core i7;8gb;500gb;;No aplica;Windows 10;14 pulgadas;1.775.000
https://www.falabella.com.co/falabella-co/product/14508288/Portatil-Toshiba-A40-G-Celeron-4gb-Ssd128gb-14-/14508288;TOSHIBA;;Intel Celeron;4GB;128GB;;;Windows 10 Pro;14 pulgadas;1.109.888
https://www.falabella.com.co/falabella-co/product/119671014/Portatil-Lenovo-Ideapad-3-14ALC6-Ryzen-5-5500U-RAM-12GB-256GB-SSD-14-pulgadas/119671015;LENOVO;12 meses;AMD ryzen 5;12GB;256GB;AMD Radeon Grafics;No aplica;Linux;14;2.599.000
https://www.falabella.com.co/falabella-co/product/119812150/Portatil-Hp-14-pulgadas-dq2520la-Core-I5-1135G7-20Gb-256-Gb-Win-10-Prueba/119812153;HP;12 meses;Intel core i5;;256GB;;;Free dos;14;1.899.900
https://www.falabella.com.co/falabella-co/product/120460209/Portatil-Asus-K3500-15,6-Oled-I7-11370h-16gb-512-Ssd-Rtx3050/120460210;ASUS;1 año;Intel core i7;16GB;512GB;;4GB;Linux;15;5.699.000
https://www.falabella.com.co/falabella-co/product/120807618/Portatil-ASUS-Corporativo-B1400CEPE-Intel-I7-1165G7-SSD-1TB-DDR4-16GB-14-FHD-Video-2GB-MX330,/120807622;ASUS;12 MESES;Intel core i7;16GB;1TB;AMD Radeon Grafics;;Windows 11;14;6.099.900
https://www.falabella.com.co/falabella-co/product/67116216/Portatil-Janus-I5-8259U-Ram-8Gb-Ssd-1Tb-Lcd-14/67116216;JANUS;12 meses;Intel core i5;8gb;1tb;;No aplica;Windows 10;14 pulgadas;1.764.000
https://www.falabella.com.co/falabella-co/product/120181531/Portatil-Acer-A314-23P-Ryzen5-7520U-8GB-RAM-SSD-512GB-156-pulgadas-IPS-Gris/120181533;ACER;12 MESES;AMD ryzen 5;8GB;512GB;AMD Radeon Grafics;No aplica;Linux;15;2.299.000
https://www.falabella.com.co/falabella-co/product/120777063/PORTATIL-ASUS-M515D-EJ1560-AMD-RYZEN-5-3500U-8GB-DDR4-1-TERA-PANTALLA-15,6-FHD/120777064;ASUS;12 MESES;AMD ryzen 5;8GB;1TB;;No aplica;Endless os;15;1.695.600
https://www.falabella.com.co/falabella-co/product/120804043/Portatil-Lenovo-ALC-V14-G2-Ryzen-5-8gb-256gb-SSD-14-FreeDos/120804044;LENOVO;12 Meses;AMD ryzen 5;8GB;256GB;AMD Radeon Grafics;No aplica;Free dos;14;1.799.900
https://www.falabella.com.co/falabella-co/product/119987517/Computador-Portatil-Asus-Gamer-G513ic-32gb-512gb%C2%A0win%C2%A010%C2%A0home/119987518;ASUS;12 meses;AMD ryzen 7;32GB;1TB;;4GB;Windows;15;5.849.888
https://www.falabella.com.co/falabella-co/product/120312357/Portatil-asus-p1412,-core-i5-11a-gen,-ram-12-gb,-hdd-1-tb-+-ssd-512,-14-hd/120312361;ASUS;12 meses;Intel core i5;12GB;1TB;;;Endless os;;2.166.735
https://www.falabella.com.co/falabella-co/product/120216854/Portatil-Dell-G15-Gaming-Ryzen-7-5800H-512GB-SSD-8GB-RTX-3050TI-4GB-156-WIN11-Phantom-Grey/120216855;DELL;1 Año;AMD ryzen 7;8GB;512GB;;4GB;Windows 11 Home;15;5.269.000
https://www.falabella.com.co/falabella-co/product/119655122/Portatil-HP-14-CF2521LA-CORE-I5-RAM-4GB-256GB-SSD-14%E2%80%B3-W10H/119655123;HP;12 Meses;Intel core i5;4GB;256GB;Integrada;No aplica;Windows 10;14;1.769.000
https://www.falabella.com.co/falabella-co/product/120309741/Portatil-Lenovo-AMD-Ryzen-5-16GB-512GB-IdeaPad-5-%E2%80%93-Azul/120309742;LENOVO;1 año;AMD ryzen 5;16GB;512GB;AMD Radeon Grafics;;Windows 11;14;3.099.900
https://www.falabella.com.co/falabella-co/product/120810138/Portatil-HP-Victus-FA0031DX-Core-I5-12450H-8Gb-512Gb-ssd-GTX1650-Win-11/120810140;HP;1 año;Intel core i5;8GB;512GB;;4GB;Windows 11;15;4.139.000
https://www.falabella.com.co/falabella-co/product/120721799/Portatil-Acer-Nitro-5-AN515-57-79TD-i7-11800H-NVIDIA-GeForce-RTX-3050Ti-4GB-512GB-SSD/120721800;ACER;1 año;Intel core i7;8GB;512GB;;4GB;Windows 11;;5.089.900
https://www.falabella.com.co/falabella-co/product/120473077/Portatil-ASUS-TUF-F15-FX506LH-Core-i5-8GB-RAM-512GB-SSD-156-FHD-4GB-VRAM/120473078;ASUS;12 meses;Intel core i5;8GB;512GB;GeForce GTX 1650 4GB;4GB;Linux;15;3.299.900
https://www.falabella.com.co/falabella-co/product/120934936/Portatil-ASUS-ROG-G614JI-N3140-Core-i9-16-FHD+-16GB-+-512GB-Windows-11-Home/120934937;ASUS;;Intel core i9;16GB;512GB;No aplica;8GB;Windows 11 Home;16;11.893.900
https://www.falabella.com.co/falabella-co/product/119453594/Portatil-Asus-K3500pc-L1187w-Oled-Corei7-11370H-16Gb-Ssd512/119453596;ASUS;12 meses;Intel core i7;16GB;512GB;;4GB;Windows 11;15;5.999.888
https://www.falabella.com.co/falabella-co/product/118333443/LENOVO-THINKPAD-T14-RYZEN-5-5550U-,-32GB,SSD-512GB-WIN-10PRO/118333444;LENOVO;36 meses;AMD ryzen 5;32GB;512GB;;;Windows 10;14;4.999.900
https://www.falabella.com.co/falabella-co/product/119601653/Portatil-hp-15-ef2522la-Ryzen-3-5300u-Ram-8gb-Ssd-256-Pantalla-15.6-/119601657;HP;1 año;AMD ryzen 3;8GB;256GB;Integrada;No aplica;Endless os;15;1.499.000
https://www.falabella.com.co/falabella-co/product/120379998/Portatil-asus-k513ea-bq2213-ci7-ssd-512gb-12gb-15.6/120379999;ASUS;12 meses;Intel core i7;12GB;512GB;;No aplica;Endless os;;3.599.888
https://www.falabella.com.co/falabella-co/product/120484098/COMPUTADOR-DE-ESCRITORIO-CEL-G5900-DDR4-8GB-SSD-512GB-MONITOR-22/120484099;JANUS;12 meses;;8GB;512GB;;;Windows 10;22;1.281.000
https://www.falabella.com.co/falabella-co/product/117775974/Portatil-asus-M1502ia-BQ008-ryzen-7-4800H-Ram-8gb-Ssd-512gb-Pantalla-156Fhd/117775976;ASUS;12 meses;AMD ryzen 7;8GB;512GB;;No aplica;Endless os;15;2.599.000
https://www.falabella.com.co/falabella-co/product/120495541/Portatil-Acer-A315-56-Core-i3-8GB-RAM-SSD-512GB-156%E2%80%B3-Pulgadas/120495543;ACER;12 meses;Intel core i3;8GB;512GB;;No aplica;Linux;15;1.599.900
https://www.falabella.com.co/falabella-co/product/116641212/Portatil-asus-x415ja-intel-core-i3-4gb-1tb-windows/116641215;ASUS;;Intel core i3;4GB;;;;Windows 10;;2.599.900
https://www.falabella.com.co/falabella-co/product/119670786/Portatil-Lenovo-Ideapad-3-14ALC6-Ryzen-5-5500U-RAM-8GB-256GB-SSD-14-pulgadas/119670787;LENOVO;12 meses;AMD ryzen 5;8GB;256GB;AMD Radeon Grafics;No aplica;Linux;14;2.499.000
https://www.falabella.com.co/falabella-co/product/119233868/HP-Workstation-portatil-zbook-I7-11800-RAM-16-GB-SSD-1-TB-SSD-nvidia-quadro-T600-PANTALLA-15.6/119233869;HP;12 meses;;16GB;1TB;Nvidia quadro p600;4GB;Windows 10 Pro;15;10.999.900
https://www.falabella.com.co/falabella-co/product/34164117/Portatil-Dell-Inspiron-15-15,6-Ryzen-5-8Gb-256Ssd/34164117;DELL;12 meses;Amd ryzen r5;6gb;240gb;;No aplica;Linux;15.6 pulgadas;1.730.000
https://www.falabella.com.co/falabella-co/product/120471304/Portatil-Lenovo-Amd-Ryzen-7-3700u-8gb-512gb-Ideapad-3-Vega10/120471305;LENOVO;1 año;AMD ryzen 7;8GB;512GB;AMD radeon rx vega 10;No aplica;Windows;15;2.439.000
https://www.falabella.com.co/falabella-co/product/119042813/Portatil-Asus-X415ja-Intel-Core-I5-1035g1-8gb-512gb-Win-11/119042814;ASUS;12 meses;Intel core i5;8GB;512GB;Intel uhd graphics 600;No aplica;Windows 11;14;1.959.800
https://www.falabella.com.co/falabella-co/product/118247633/Portatil-dell-vostro-amd-ryzen5-8gb-256ssd-ubuntu/118247636;DELL;;AMD ryzen 5;6GB;;;;Linux;;1.572.900
https://www.falabella.com.co/falabella-co/product/120925823/Computador-Portatil-Hp-Intel-Core-i5-1135G7-256Gb-Ssd-4Gb-Ram-14-14-dq2520la/120925824;HP;1 año;Intel core i5;4GB;256GB;Intel Iris Xe Graphics;No aplica;Linux;14;1.667.900
https://www.falabella.com.co/falabella-co/product/117775978/Portatil-Asus-X415ea-ek1182-core-i3-1115g4-Ram-12gb-256-Ssd-Endless/117775979;ASUS;12 MESES;Intel core i3;12GB;256GB;;No aplica;Endless os;14;1.599.000
https://www.falabella.com.co/falabella-co/product/119719789/Portatil-Lenovo-Intel-Core-i9-16GB-1TB-Legion-Pro-5-16%E2%80%9D-Gris/119719791;LENOVO;1 año;Intel core i9;16GB;1TB;;8GB;Windows 11 Home;16;10.499.900
https://www.falabella.com.co/falabella-co/product/119773319/Portatil-Hp-15-eh0002la-R5-4500U-RAM-8GB-SSD-512GB-15-+-Mochila-HP-Renew-Travel-15.6-/119773320;HP;;AMD ryzen 5;8GB;512GB;Integrada;No aplica;;15;2.125.900
https://www.falabella.com.co/falabella-co/product/38730170/Portatil-Asus-14-Pulgadas-Core-I3-4Gb/38730170;ASUS;12 meses;Amd a4;3gb;240gb;;No aplica;Windows 10;14 pulgadas;1.425.000
https://www.falabella.com.co/falabella-co/product/119718913/PORTATIL-GAMER-CROSSHAIR-15-R6E-B12UGZ-I7-12700H-1-TB-SSD-16-GB-RTX3070-8-GB/119718914;MSI;12 meses;Intel core i7;16GB;1TB;GeForce RTX 3070 8GB GDDR6;8GB;Windows 11 Home;15;10.299.900
https://www.falabella.com.co/falabella-co/product/119717709/PORTATIL-PRESTIGE-15-A11SB-469CA-I7-1185G7-512-SSD-16-GB-MX-450-2-GB-GDDR6/119717710;MSI;12 meses;Intel core i7;16GB;512GB;;2GB;Windows 10 Home;15;6.999.900
https://www.falabella.com.co/falabella-co/product/120383120/DELL-LATITUDE-5430-CORE-I5-1245U-RAM-16-256-GB-WIN11-PRO/120383123;DELL;2 años;Intel Core i5-1240P;16GB;256GB;Intel uhd graphics 600;No aplica;Windows 11;14;5.899.800
https://www.falabella.com.co/falabella-co/product/119808970/Portatil-Hp-14-pulgadas-dq2520la-Core-I5-1135G7-12Gb-256-Gb-Win-10-Prueba/119808971;HP;12 meses;Intel core i5;;256GB;;;Free dos;14;1.819.000
https://www.falabella.com.co/falabella-co/product/120935566/Portatil-ASUS-ROG-G814JZ-N6012W-Core%E2%84%A2-i9-18-16GB-1TB-Windows-11-Home/120935567;ASUS;;Intel core i9;16GB;1TB;No aplica;12GB;Windows;18;16.543.900
https://www.falabella.com.co/falabella-co/product/61901492/Computador-All-In-One-Lenovo-F0Fq0039Ld/61901492;LENOVO;12 meses;Intel core i3;4gb;1tb;;;Windows;21.5 pulgadas;2.484.900
https://www.falabella.com.co/falabella-co/product/120071248/Portatil-Hp-Amd-Ryzen-3-5300u-4gb-256gb-14-fq1051la/120071249;HP;1 año;AMD ryzen 3;4GB;256GB;AMD Radeon Grafics;No aplica;Free dos;14;1.239.000
https://www.falabella.com.co/falabella-co/product/118294470/Portatil-toshiba-dynabook-portege-x30w-j3132-i5-1135g7-256gb-8gb-13.3-fhd-touch/118294471;TOSHIBA;;Otros;;;;;;;4.199.900
https://www.falabella.com.co/falabella-co/product/119652037/PORTATIL-ASUS-X1503ZA-L1316-INTEL-CORE-I5-12500H-8GB-DDR4-512GB-SSD-PANTALLA-156-OLED-FHD/119652039;ASUS;12 MESES;Intel core i5;8GB;512GB;Intel uhd graphics 600;No aplica;Endless os;15;3.070.900
https://www.falabella.com.co/falabella-co/product/120072376/Laptop-Hp-Amd-Ryzen-3-5300u-8gb-256gb-14-fq1051la/120072379;HP;1 año;AMD ryzen 3;8GB;256GB;AMD Radeon Grafics;No aplica;Free dos;14;1.339.000
https://www.falabella.com.co/falabella-co/product/120841017/Lenovo-ideapad-3-Intel-Core-I5-1135g7-Ram-12gb-Ssd-256gb-Win10-14-/120841018;LENOVO;12 meses;Intel core i5;12GB;256GB;Integrada;No aplica;Windows 10;14;2.189.900
https://www.falabella.com.co/falabella-co/product/120843389/Portatil-Dell-XPS-9320-Plus-Core-i5-1240P-512Gb-SSD-16Gb-13.4-Win11-Touchscreen/120843390;DELL;1 Año;Intel core i5;16GB;512GB;No aplica;No aplica;Windows 11;13;5.690.000
https://www.falabella.com.co/falabella-co/product/119716460/PORTATIL-CREATOR-Z16-A11UE-064CA-I7-11800H-1-TB-SSD-32-GB-RTX-3060-6GB-DDR6-16-/119716461;MSI;12 meses;Intel core i7;32GB;1TB;GeForce RTX 2060 6GB GDDR6;6GB;Windows 10 Pro;16;9.599.800
https://www.falabella.com.co/falabella-co/product/29130779/Portatil-Lenovo-V14-Are-14-Ryzen7-8Gb-1Tb-Hhd/29130779;LENOVO;12 meses;Amd ryzen r7;8gb;1tb;;No aplica;Linux;14 pulgadas;2.599.888
https://www.falabella.com.co/falabella-co/product/51500022/Portatil-Asus-M1402Ia-14-Ryzen-5-Ram-8Gb-Ssd-512G/51500022;ASUS;;Amd ryzen r5;8gb;512gb;;No aplica;Linux;14 pulgadas;2.599.888
https://www.falabella.com.co/falabella-co/product/119649147/Portatil-Hp-Envy-X360-Core-I7-1255u-Ram-16gb-512ssd-15.6-Oled-Lapiz/119649148;HP;12 meses;Intel core i7;16GB;512GB;;4GB;Windows 11 Home;15;6.990.900
https://www.falabella.com.co/falabella-co/product/120198463/Combo-Portatil-Lenovo-Idea-Pad-1-Ryzen-5-8gb-512gb-15.6-Win-11-+-Kaspersky-Obsequio-Disco-Externo/120198464;LENOVO;12 Meses;AMD ryzen 5;8GB;512GB;AMD radeon vega 8;No aplica;Windows 11 Home;15;2.189.900
https://www.falabella.com.co/falabella-co/product/121045938/PORTATIL-ASUS-M3500QA-L1224-AMD-RYZEN-7-5800H-16GB-DDR4-512GB-SSD-PANTALLA-15,6-OLED/121045940;ASUS;12 MESES;AMD ryzen 7;16GB;512GB;AMD Radeon Graphics;No aplica;Endless os;15;3.605.900
https://www.falabella.com.co/falabella-co/product/10681673/Pc-All-In-One-Lenovo-330-20Igm/10681673;LENOVO;12 meses;Intel celeron;4gb;500gb;;No aplica;Windows 10 home;19 pulgadas;1.769.900
https://www.falabella.com.co/falabella-co/product/120800301/Portatil-dell-ryzen-5-amd-16gb-ssd-256-linux-14-pulgadas-vostro-3405/120800302;DELL;1 Año;;16GB;256GB;AMD Radeon Grafics;No aplica;Ubuntu;14;1.679.000
https://www.falabella.com.co/falabella-co/product/116641180/Portatil-hp-15-gw0017la-amd-ryzen-3-4gb-256gb-ssd/116641182;HP;;AMD a-series;4GB;;;;Windows 10;;2.599.900
https://www.falabella.com.co/falabella-co/product/117435851/Portatil-Hp-Amd-Ryzen-5-5500u-8gb-256gb-Radeon-Vega-14-/117435852;HP;1 año;AMD ryzen 5;8GB;256GB;Integrada;No aplica;Free dos;14;1.629.000
https://www.falabella.com.co/falabella-co/product/120466841/Portatil-Lenovo-Core-I3-Ram-8gb-Ssd-512gb-Fhd-Onceava-generacion/120466846;LENOVO;1 año;Intel core i3;8GB;512GB;Integrada;No aplica;Free dos;14;1.569.000
https://www.falabella.com.co/falabella-co/product/120387428/Microsoft-Surface-Laptop-Ryzen-5-5500u-256gb-16gb-Win-10-Pro/120387431;MICROSOFT;1 año;AMD ryzen 5;16GB;256GB;AMD radeon rx vega 3;No aplica;Windows 10 Pro;13;5.999.800
https://www.falabella.com.co/falabella-co/product/12498794/Portatil-HP-Pavilion-x360-Convertible-14-Pulgadas-Intel-Core-i5-8GB-256GB/12498794;HP;1 año;Intel Core i5;8GB;256GB;;No aplica;Windows 10 Home;14 pulgadas;3.679.900
https://www.falabella.com.co/falabella-co/product/66850371/Portatil-hp-14-dq0517la-celeron-n4120-4gb256gb-ss/66850371;HP;12 meses;Intel celeron;4gb;256gb;;No aplica;De fabricante;14 pulgadas;879.900
https://www.falabella.com.co/falabella-co/product/117435853/Portatil-hp-amd-ryzen-5-5500u-ram-4gb+8gb-ssd-256gb/117435855;HP;1 año;AMD ryzen 5;12GB;256GB;Integrada;No aplica;Free dos;14;1.659.000
https://www.falabella.com.co/falabella-co/product/119321935/Portatil-lenovo-Thinkpad-E14-20ra-Core-I5-10210-8-1-Thera-Hdd/119321936;LENOVO;1 año;Intel core i5;8GB;1TB;Intel hd graphics 610;No aplica;Windows 10 Pro;14;3.599.900
https://www.falabella.com.co/falabella-co/product/119329461/Portatil-Acer-Intel-Core-I3-8GB-ram-256GB-SSD-Pantalla-15.6-Pulgadas-Windows-11/119329462;ACER;12 MESES;Intel core i3;8GB;256GB;Intel uhd graphics 600;No aplica;Windows 11;15;1.444.500
https://www.falabella.com.co/falabella-co/product/119370597/PORTATIL-ASUS-INTEL-PENTIUM-GOLD-7505-8GB-DDR4-256GB-SSD-PANTALLA-14-HD-WINDOWS-11/119370598;ASUS;12 MESES;;8GB;256GB;Intel uhd graphics 600;No aplica;Endless os;14;1.230.500
https://www.falabella.com.co/falabella-co/product/118294476/Pc-dell-vostro-3681-sff-core-i3-10100-4gb-1tb-linux/118294477;DELL;12 meses;Otros;;;;;;;1.919.000
https://www.falabella.com.co/falabella-co/product/31868729/Computador-Portatil-Janus-I3-10110U-8Gb-Ssd/31868729;JANUS;12 meses;Intel core i3;8gb;512gb;;No aplica;Windows 10;14 pulgadas;1.516.000
https://www.falabella.com.co/falabella-co/product/120808290/Portatil-Lenovo-Core-I7-1165g7-8gb-128gb-1tb-Nvidia-Mx-2gb/120808292;LENOVO;1 año;Intel core i7;8GB;128GB;No aplica;2GB;Free dos;15;3.739.000
https://www.falabella.com.co/falabella-co/product/32242968/Portatil-Core-I5-8259U-Ram-6Gb-Ssd-256Gb-Lcd-14/32242968;JANUS;12 meses;Intel core i7;8gb;240gb;;No aplica;Windows;16 pulgadas;1.528.000
https://www.falabella.com.co/falabella-co/product/120787700/Portatil-Acer-Ci5-1135-Ram-8Gb-Disco-512SSD-Pantalla-15/120787701;ACER;12 meses;Intel core i5;8GB;512GB;Intel Iris Xe Graphics;No aplica;Free dos;15;1.879.000
https://www.falabella.com.co/falabella-co/product/118502610/PORTATIL-DYNABOOK-PORTEGE-X30L-K1337-Core-i7-512GB-16GB-13.3-FHD-Win-10-Pro/118502612;TOSHIBA;1 año;Intel core i7;16GB;512GB;;;Windows 10;13;6.059.000
https://www.falabella.com.co/falabella-co/product/118184656/Portatil-dell-inspiron-3515-ryzen-5-3450u-15.6-amd-8gb-256gb-ssd/118184658;DELL;1 año;AMD ryzen 5;8GB;256GB;;;Linux;15;1.699.900
https://www.falabella.com.co/falabella-co/product/119528346/Morral-targus-geolite-essential-15,6%E2%80%9D-tsb96001gl/119528348;TARGUS;6 Meses;Otros;30MB;1GB;;;;;77.900
https://www.falabella.com.co/falabella-co/product/119935980/Portatil-Acer-A314-23P-AMD-Ryzen5-7520U-8GB-DDR5-SSD-512GB-14-pulgadas-IPS-Gris/119935981;ACER;12 MESES;AMD ryzen 5;8GB;512GB;AMD Radeon Grafics;No aplica;Linux;14;2.299.000
https://www.falabella.com.co/falabella-co/product/120798624/Portatil-Asus-Vivobook-F415EA-UB51-Core-i5-1135G7-8gb-256gb-SSD-14-Win-10/120798627;ASUS;12 Meses;Intel core i5;8GB;256GB;Intel UHD 630;No aplica;Windows 10 Home;14;2.499.900
https://www.falabella.com.co/falabella-co/product/120800826/Portatil-ASUS-B1400CEAE-EK2216R-Intel-Core-I7-1165G7-SSD-512GB-8GB-14-FHD-Win10/120800829;ASUS;12 MESES;Intel core i7;8GB;512GB;No aplica;;Windows;14;4.999.990
https://www.falabella.com.co/falabella-co/product/119652728/PORTATIL-ASUS-P1412CEA-EK0662X-INTEL-CORE-I5-1135G7-8GB-DDR4-256GB-SSD-PANT14-FHD-WINDOWS-11-PRO/119652729;ASUS;12 MESES;Intel core i5;8GB;256GB;Intel uhd graphics 600;No aplica;Windows 11 Pro;14;2.268.400
https://www.falabella.com.co/falabella-co/product/117435883/Portatil-Hp-Amd-Ryzen-5-5500u-4gb-256gb-Radeon-Vega-14-/117435884;HP;1 año;AMD ryzen 5;4GB;256GB;Integrada;No aplica;Free dos;14;1.529.900
https://www.falabella.com.co/falabella-co/product/120166913/Portatil-Gamer-Asus-Tuf-Core-I5-16gb-512gb-Rtx-3050-Fx516pc/120166915;ASUS;1 año;Intel core i5;16GB;512GB;;4GB;Free dos;15;4.139.000
https://www.falabella.com.co/falabella-co/product/118294464/Portatil-toshiba-dynabook-tecra-a40-g-intel-core-i7-10610-256gb-8gb-14-win-10/118294466;TOSHIBA;;Otros;;;;;;;3.759.900
https://www.falabella.com.co/falabella-co/product/120483501/COMPUTADOR-GAMER-RYZEN-5-5600G-DDR4-8GB-RGB-SSD-512GB-M.2-MONITOR-22/120483503;JANUS;12 meses;;8GB;512GB;;4GB;Windows 10;22;3.135.000
https://www.falabella.com.co/falabella-co/product/66850373/Portatil-hp-ryzen-3-5300u-4gb-256gb-ssd-14-pulgad/66850373;HP;12 meses;Amd ryzen r3;4gb;256gb;;No aplica;De fabricante;14 pulgadas;1.199.000
https://www.falabella.com.co/falabella-co/product/116991545/Portatil-HP-245-G8-AMD-Ryzen-5-5500U-256GB-SSD-8GB/116991546;HP;12 meses;AMD ryzen 5;8GB;256GB;Integrada;No aplica;Free dos;14;1.539.900
https://www.falabella.com.co/falabella-co/product/120321827/Portatil-dell-vostro-3400,-core-i5-11a-gen,-ram-4-gb,-hdd-1-tb,-14-hd/120321829;DELL;12 meses;Intel core i5;4GB;1TB;;;Ubuntu;;1.805.181
https://www.falabella.com.co/falabella-co/product/119528350/Targus-tss932-slipskin,-funda-maletin-hasta-14''-con-asas/119528351;TARGUS;6 Meses;Otros;45KB;No aplica;;;;;45.900
https://www.falabella.com.co/falabella-co/product/116967888/Portatil-Lenovo-ThinkBook-13S-Intel-Core-i5-1135G7-256GB-SSD-8GB/116967889;LENOVO;12 meses;Intel core i5;8GB;256GB;Intel uhd graphics 620;No aplica;Windows 10;13;4.299.900
https://www.falabella.com.co/falabella-co/product/118989853/Portatil-Hp-240-AMD-RYZEN-3-5300U-Ram-8GB-256GB-SSD-14-Windows-10-NEGRO/118989854;HP;1 año;AMD ryzen 3;8GB;256GB;Integrada;No aplica;Windows 10;14;1.369.900
https://www.falabella.com.co/falabella-co/product/117435826/Portatil-asus-m1502-ryzen-5-4600h-ram-24gb-ssd-512gb-huella/117435829;ASUS;1 año;AMD ryzen 5;24GB;512GB;AMD Radeon Grafics;No aplica;Linux;15;2.569.000
https://www.falabella.com.co/falabella-co/product/118341982/Portatil-lenovo-intel-core-i5-8gb-512gb-thinkpad-e15-15.6%E2%80%9D-gen-4-negro/118341983;LENOVO;;Intel core i5;;;;;;;5.099.900
https://www.falabella.com.co/falabella-co/product/120808460/Portatil-Lenovo-Core-I7-1165g7-20gb-128gb-1tb-Nvidia-Mx-2gb/120808461;LENOVO;1 año;Intel core i7;20GB;128GB;No aplica;2GB;Free dos;15;3.849.000
https://www.falabella.com.co/falabella-co/product/120931688/Portatil-Lenovo-Intel-Core-i7-16GB-512GB-Legion-5-15.6%E2%80%9D-Gris/120931689;LENOVO;1 año;Intel core i7;16GB;512GB;;6GB;Windows 11 Home;15;7.299.900
https://www.falabella.com.co/falabella-co/product/116641246/Portatil-Asus-K513EA-Intel-Core-i5-8GB-256GB-SSD/116641247;ASUS;12 meses;Intel core i5;8GB;256GB;Intel uhd graphics 620;No aplica;Endless os;15;4.599.900
https://www.falabella.com.co/falabella-co/product/117168285/Portatil-lenovo-idea-14itl6-core-i3-11va-4gb-1tb/117168287;LENOVO;;Intel core i3;4GB;1TB;;;;;1.399.000
https://www.falabella.com.co/falabella-co/product/116815721/Portatil-asus-expertbook-intel-ci3-10110u-8gb-ram/116815725;ASUS;;Intel core i3;8GB;1TB;Integrada;No aplica;Windows 10;14;1.599.000
https://www.falabella.com.co/falabella-co/product/118247734/Poratil-asus-14-pulg-core-i3-4gb-256ssd/118247735;ASUS;;AMD a4;3GB;;;;Windows 10;;1.350.000
https://www.falabella.com.co/falabella-co/product/119804424/Portatil-Hp-14-pulgadas-dq2520la-Core-I5-1135G7-4Gb-256-Gb-Win-10-Prueba/119804427;HP;12 meses;Intel core i5;;256GB;;;Free dos;14;1.699.900
https://www.falabella.com.co/falabella-co/product/120565934/Portatil-dell-vostro-3405-ryzen-5-8gb-256gb-ssd-14-/120565935;DELL;;AMD ryzen 5;8GB;256GB;;;Linux;;2.099.000
https://www.falabella.com.co/falabella-co/product/120924457/Computador-Portatil-Hp-Intel-Core-i5-1135G7-256Gb-Ssd-12Gb-Ram-14-14-dq2520la/120924458;HP;1 año;Intel core i5;12GB;256GB;Intel Iris Xe Graphics;No aplica;Linux;14;2.814.900
https://www.falabella.com.co/falabella-co/product/116628598/Combo-Portatil-Lenovo-3-14ALC6-RYZEN-5-RAM-8GB-1TB-HDD-14%E2%80%B3-LINUX-ABYSS-BLUE-+-Antivirus/116628600;LENOVO;12 Meses;AMD ryzen 5;8GB;1TB;Integrada;No aplica;Linux;14;2.199.900
https://www.falabella.com.co/falabella-co/product/116641190/Portatil-HP-245-G8-AMD-Ryzen-3-8GB-256GB-SSD-Linux/116641191;HP;;AMD ryzen 3;8GB;256GB;No aplica;No aplica;Free dos;14;1.235.900
https://www.falabella.com.co/falabella-co/product/120850283/Portatil-Dell-Vostro-3420-Intel-Core-I5-1235U/120850284;DELL;1 año;Intel core i5;8GB;512GB;;;Windows 11;;2.999.900
https://www.falabella.com.co/falabella-co/product/120497361/PORTATIL-ASUS-P1412CEA-EK0022X-INTEL-CORE-I5-1135G7-8GB-256GB-PANTALLA-14-WINDOWS-11-PRO-IVA-INCLUIDO/120497362;ASUS;12 meses;Intel core i5;8GB;256GB;;;Windows 11;14;3.399.000
https://www.falabella.com.co/falabella-co/product/116955903/Portatil-Lenovo-E14-1135-CI516GbSsd-512Gb-Win11/116955904;LENOVO;12 meses;Intel core i5;16GB;512GB;Inter Iris Xe;No aplica;Windows 10;14;4.499.000
https://www.falabella.com.co/falabella-co/product/51488872/Portatil-Hp-245-G8-14-Pulgadas-Ryzen-5-12Gb-256Ssd/51488872;HP;1 año;Amd ryzen r5;12gb;256gb;;No aplica;Linux;14 pulgadas;2.299.900
https://www.falabella.com.co/falabella-co/product/120946300/Portatil-Gamer-HP-Victus-15.6-Core-i7-12650H-GeForce-RTX-3050-Ti-16GB-Ram-512GB-SSD/120946301;HP;1 año;Intel core i7;16GB;512GB;;4GB;Windows 11;;5.579.900
https://www.falabella.com.co/falabella-co/product/120466916/Portatil-Lenovo-Core-I3-Ram-20gb-Ssd-512gb-Fhd-Onceava-generacion/120466917;LENOVO;1 año;Intel core i3;20GB;512GB;Integrada;No aplica;Free dos;14;1.739.000
https://www.falabella.com.co/falabella-co/product/39529162/Portatil-Hp-14-Pulgadas-Ryzen-5-5500U-8Gb-256Ssd/39529162;HP;1 año;Amd ryzen r5;8gb;256gb;;No aplica;De fabricante;14 pulgadas;2.299.900
https://www.falabella.com.co/falabella-co/product/119368402/PORTATIL-ACER-INTEL-CORE-I3-1005G1-8GB-DDR4-512GB-SSD-PANTALLA-156-HD/119368403;ACER;12 MESES;Intel core i3;8GB;512GB;Intel uhd graphics 600;No aplica;Free dos;15;1.487.300
https://www.falabella.com.co/falabella-co/product/62771325/Portatil-Acer-16-Pulgadas-Amd-Ryzen-8-Gb/62771325;ACER;12 meses;Qualcomm;8gb;240gb;;No aplica;Windows;16 pulgadas;2.376.900
https://www.falabella.com.co/falabella-co/product/120607940/Portatil-Asus-Core-I5-1135g7-8gb-512gb-Win-11-Pro-Fhd-P1412/120607942;ASUS;1 año;Intel core i5;8GB;512GB;Integrada;;Windows;14;2.599.000
https://www.falabella.com.co/falabella-co/product/119713480/PORTATIL-GAMER-VECTOR-GP66-12UGS-CORE-I7-12700H-512-SSD-16-GB-RTX-3070TI-8-GB-DDR6-15.6-IPS-240-HZ/119713481;MSI;1 año;Intel core i7;16GB;512GB;GeForce RTX 3070 8GB GDDR6;8GB;Windows 11 Home;15;9.499.800
https://www.falabella.com.co/falabella-co/product/120574379/Portatil-asus-b1400ceae-ek2160r-intel-core-i5-1135g7-8gb-256gb-pantalla-14-windows-10-pro-iva-incluido/120574380;ASUS;;Intel core m;8GB;250GB;;No aplica;;;3.999.000
https://www.falabella.com.co/falabella-co/product/120800164/Portatil-dell-ryzen-5-amd-12gb-ssd-256-linux-14-pulgadas-vostro-3405/120800165;DELL;1 Año;;12GB;256GB;AMD Radeon Grafics;No aplica;Ubuntu;14;1.659.000
https://www.falabella.com.co/falabella-co/product/25491753/Portatil-Acer-Ci3-A514-1005g1,-4gbram,-256ssd,-14/25491753;ACER;12 Meses;Intel Core i3;4GB;256GB;;No aplica;Linux;14 pulgadas;1.768.000
https://www.falabella.com.co/falabella-co/product/116624611/Portatil-Lenovo-V14-ARE-Ryzen-7-8Gb-SSD-512GB-14-/116624613;LENOVO;12 meses;AMD ryzen 7;8GB;512GB;;No aplica;Linux;14;2.799.888
https://www.falabella.com.co/falabella-co/product/120858090/Portatil-Asus-M515da-bq1415-Amd-Ryzen-5-8gb-1tb-15,6-Fhd/120858091;ASUS;1 año;AMD ryzen;8GB;1TB;AMD radeon vega 8;No aplica;Linux;15;1.899.000
https://www.falabella.com.co/falabella-co/product/118184653/Portatil-dell-vostro-amd-ryzen-5-3450u-ram-8gb-ssd-512-14-/118184654;DELL;;AMD ryzen 5;8GB;512GB;;;Linux;14;1.919.900
https://www.falabella.com.co/falabella-co/product/117195791/Pc-all-in-one-lenovo-330-20igm/117195794;LENOVO;;Otros;4GB;500GB;;;;19;1.793.900
https://www.falabella.com.co/falabella-co/product/120584728/Computador-Portatil-Acer-A514-53-C34256/120584729;ACER;12 Meses;Intel core i3;4GB;;;;;16;2.583.900
https://www.falabella.com.co/falabella-co/product/120800828/Portatil-Dell-Inspiron-3501-Core-i3-1115g4-8Gb-256gb-SSD-+-1Tb-Win-10-Home/120800832;DELL;12 Meses;Intel core i3;8GB;256GB;;No aplica;Windows 10 Home;15;1.899.900
https://www.falabella.com.co/falabella-co/product/118432816/PORTATIL-HP-245-G8-RYZEN-5-5500U-8GB-RAM-+-256GB-SSD-14-NEGRO/118432817;HP;;AMD ryzen 5;8GB;256GB;;;;14;1.835.900
https://www.falabella.com.co/falabella-co/product/119802456/Portatil-HP-245-G8-Amd-Ryzen-3-5300U-8gb-256ssd-14-Pulgadas/119802457;HP;12 meses;AMD ryzen 3;12GB;256GB;;No aplica;Free dos;14;1.359.900
https://www.falabella.com.co/falabella-co/product/120321820/Portatil-dell-vostro-3405,-procesasor-amd-ryzen-5-3450u-+-combo-de-teclado-y-mouse/120321821;LENOVO;1 año;AMD ryzen 5;8GB;256GB;AMD radeon vega 8;;Linux;;2.000.000
https://www.falabella.com.co/falabella-co/product/118998179/Portatil-Lenovo-Thinkpad-T14-Amd-Ryzen7-Pro-5850-,-Ram16G-,-Disco-SSD-512G,-Windows-10/118998180;LENOVO;1 año;AMD ryzen 7;16GB;512GB;Integrada;No aplica;Windows 10;14;5.799.000
https://www.falabella.com.co/falabella-co/product/10130834/Portatil-Lenovo-S145-Intel-Core-I3-1005G-4Gb-1Tb/10130834;LENOVO;12 meses;Intel core i3;4gb;1tb;;No aplica;Linux;14 pulgadas;1.990.000
https://www.falabella.com.co/falabella-co/product/120466869/Laptop-Lenovo-V-series-V14-g2-alc-Iron-Gray-14-,-Amd-Ryzen-5-5500u-12gb-De-Ram-256gb-Ssd/120466870;LENOVO;12 meses;AMD ryzen 5;12GB;256GB;AMD radeon rx vega 8;No aplica;Free dos;14;2.299.900
https://www.falabella.com.co/falabella-co/product/56485012/Portatil-Hp-14-Pulg-Ryzen5-4Gb-256Gbssd/56485012;HP;12 meses;Amd ryzen r5;4gb;256gb;;;Windows;;1.550.000
https://www.falabella.com.co/falabella-co/product/120995456/Portatil-Asus-Ryzen-5-4600h-Ram-16gb-Solido-512gb-Fhd-Win-10/120995457;ASUS;12 meses;AMD ryzen 5;16GB;512GB;AMD Radeon Graphics;No aplica;Windows 11;14;2.379.900
https://www.falabella.com.co/falabella-co/product/119798687/Portatil-HP-245-G8-Amd-Ryzen-3-5300U-16gb-256ssd-14-Pulgadas/119798688;HP;12 meses;AMD ryzen 3;12GB;256GB;;No aplica;Free dos;14;1.489.900
https://www.falabella.com.co/falabella-co/product/45549700/Portatil-Lenovo-Alc6-14-Pulgadas-Ryzen-3-8Gb-1Tb/45549700;LENOVO;1 año;Amd ryzen r3;8gb;1tb;;No aplica;Linux;14 pulgadas;1.899.900
https://www.falabella.com.co/falabella-co/product/120603005/Portatil-Asus-FX506LHB-HN323-Intel-Core-i5-10300H-Ram-8-gb-ssd-512GB-GTX-1650/120603006;ASUS;1 año;Intel core i5;8GB;512GB;;4GB;Endless os;15;3.419.000
https://www.falabella.com.co/falabella-co/product/118294430/Portatil-hp-probook-440-g9-intel-core-i7-ssd-512gb-16gb-14hd-windows11pro-silver/118294431;HP;12 meses;Otros;;;;;;;6.199.900
https://www.falabella.com.co/falabella-co/product/120788331/Portatil-Asus-Ci5-1135-8Ram-Disco-512SSD-Windows-Kaspersky/120788332;ASUS;12 meses;Intel core i5;8GB;512GB;Intel Iris Xe Graphics;No aplica;Windows 11 Pro;14;2.399.000
https://www.falabella.com.co/falabella-co/product/120240232/Computador-Portatil-Hp-15-ef2507la-Ryzen-5-5500U-8GB-512GB-SSD-WIN-11-Antivirus/120240233;HP;;;8GB;512GB;Integrada;No aplica;Windows 11;15;2.299.000
https://www.falabella.com.co/falabella-co/product/7615274/Portatil-hp-notebook-245-g7-ryzen-3+-kaspersky/7615274;HP;1 A;AMD RYZEN R3;8GB;500GB;;;Windows 10;14 pulgadas;3.500.000
https://www.falabella.com.co/falabella-co/product/34164110/Portatil-Dell-Vostro-14-3400-14-Core-I5-4Gb-1T/34164110;DELL;12 meses;Amd a6;3gb;4tb SSD & 1tb HDD;;No aplica;Linux;14 pulgadas;1.685.000
https://www.falabella.com.co/falabella-co/product/120312353/Portatil-asus-p1412,-core-i5-11a-gen,-ram-4-gb,-hdd-1-tb,-14-hd/120312354;ASUS;12 meses;Intel core i5;4GB;1TB;;;Endless os;;1.817.313
https://www.falabella.com.co/falabella-co/product/117435893/Portatil-lenovo-amd-ryzen-5-5500u-ram-16gb-ssd-500gb-v14-gris/117435894;LENOVO;1 año;Otros;;;;;;;2.199.900
https://www.falabella.com.co/falabella-co/product/120800376/Portatil-ASUS-B1400CEAE-EK3072R-Core-I5-1135G7-SSD-512GB-8GB-14-FHD-Win-10-Pro/120800377;ASUS;12 MESES;Intel core i5;8GB;512GB;No aplica;;Windows;14;3.899.900
https://www.falabella.com.co/falabella-co/product/119934476/Surface-Laptop-5-Core-i5-8GB-256GB/119934478;MICROSOFT;6 meses;;;;;;;;7.500.000
https://www.falabella.com.co/falabella-co/product/117548954/Portatil-Hp-15-ef2500la-AMD-Ryzen-7-5700U-RAM-16GB-SSD-512GB-15-HD-W11-H/117548955;HP;;AMD ryzen 7;16GB;512GB;Integrada;;;15;3.575.900
https://www.falabella.com.co/falabella-co/product/66990445/Portatil-hp-245-g8-amdryzen-5-5500u-8gb-256ssd-14/66990445;HP;12 meses;Amd ryzen r5;8gb;1tb;;No aplica;De fabricante;14 pulgadas;1.624.100
https://www.falabella.com.co/falabella-co/product/117775971/Portatil-Asus-X415EA-EK1182-core-i3-1115g4-Ram-4gb-Ssd-256-Sistema-operativo-endless/117775972;ASUS;12 MESES;Intel core i3;4GB;256GB;Integrada;No aplica;Endless os;14;1.439.000
https://www.falabella.com.co/falabella-co/product/120995564/Portatil-Asus-M515DA-EJ1560-Ryzen-5-3500U-Ram-8gb-Ssd-256+1tb-15,6-Fhd-Endless/120995567;ASUS;1 año;AMD ryzen 5;8GB;1TB;AMD radeon vega 8;2GB;Endless os;15;1.819.000
https://www.falabella.com.co/falabella-co/product/120581108/Portatil-ASUS-P1412CEA-EK0884X-Intel-Core-I7-1165G7-SSD-512-8GB-14-FHD-Win11Pro/120581116;ASUS;12 MESES;Intel core i7;8GB;512GB;;;Windows 11 Pro;14;5.149.900
https://www.falabella.com.co/falabella-co/product/120300546/Portatil-Asus-M1402IA-EK094-Ryzen-5-4600h-16gb-512gb-14-FHD/120300547;ASUS;;AMD ryzen 5;;512GB;;No aplica;;14;2.449.888
https://www.falabella.com.co/falabella-co/product/120418615/PC-Dell-Vostro-3681-SFF-Core-i3-10100-4GB-1TB-18,5''-Corporativo-Windows-10-Pro/120418616;DELL;12 MESES;Intel core i3;4GB;1TB;;;Windows 10;18;2.299.900
https://www.falabella.com.co/falabella-co/product/117435805/Portatil-asus-x415ea-core-i3-1115g4-12gb-ram-256gb-ssd-14-hd/117435806;ASUS;1 Año;Otros;;;;;;;1.619.000
https://www.falabella.com.co/falabella-co/product/120563563/Portatil-Asus-X415ea-Core-I3-1115g4-4gb-Ram-256gb-Ssd-14-Hd/120563565;ASUS;1 año;Intel core i3;4GB;256GB;Integrada;No aplica;Endless os;14;1.499.900
https://www.falabella.com.co/falabella-co/product/42161954/Portatil-Asus-B1400Ceae-14-Corei7-8Gb-512Gb-Ssd/42161954;Asus;12 meses;Amd a8;6gb;500gb;;No aplica;Android tv;14 pulgadas;5.249.888
https://www.falabella.com.co/falabella-co/product/120610616/Computador-Todo-En-Uno-HP-Core-i3-1215u-8-GB-256-GB-SSD-+-Impresora-HP-415/120610617;HP;12 meses;Intel core i3;8GB;8GB;Intel Iris Xe Graphics;;;21;2.699.900
https://www.falabella.com.co/falabella-co/product/118247723/Portatil-asus-14-pulgadas-core-i3-4gb/118247724;ASUS;;AMD a4;3GB;;;;Windows 10;;1.444.500
https://www.falabella.com.co/falabella-co/product/120312366/Portatil-hp-15-gw0017la,-amd-ryzen-3,-ram-8gb,-ssd-256/120312368;HP;;AMD ryzen 3;8GB;250GB;;;Windows 10;;1.642.603
https://www.falabella.com.co/falabella-co/product/117005485/Portatil-HP-15-EF2503LA-AMD-Ryzen-3-5300U-256GB-SSD-4GB/117005486;HP;12 meses;AMD ryzen 3;4GB;256GB;Integrada;No aplica;Windows;15;1.899.900
https://www.falabella.com.co/falabella-co/product/120856700/Portatil-Asus-M515-BQ1237-Ryzen-3-Ram-8gb-Ssd-256-Endless-pantalla-15.6-FHD/120856701;ASUS;1 año;AMD ryzen 3;8GB;256GB;Integrada;No aplica;Endless os;15;1.519.000
https://www.falabella.com.co/falabella-co/product/121040223/Computador-Portatil-ASUS-Zenbook-Intel%C2%AE-Core-i9-16-4K-OLED,-Ram-32GB,-1-TB-SSD,-NVIDIA%C2%AE-3060./121040224;ASUS;12 MESES;Intel core i9;32GB;1TB;GeForce RTX 3060 8GB GDDR6;6GB;Windows 11;16;21.622.900
https://www.falabella.com.co/falabella-co/product/120410281/Laptop-Lenovo-V-series-V14-g2-alc-Iron-Gray-14-,-Amd-Ryzen-5-5500u-8gb-De-Ram-256gb-Ssd/120410282;LENOVO;12 meses;AMD ryzen 5;8GB;256GB;AMD radeon rx vega 8;No aplica;Free dos;14;1.959.989
https://www.falabella.com.co/falabella-co/product/118998132/Portatil-Lenovo-Thinkpad-T14-G3-Intel-Ci5-,-Ram-8G,-Disco-SSD-256G,-Windows-11/118998133;LENOVO;1 año;Intel core i5;8GB;256GB;Integrada;No aplica;Windows 11;14;5.599.000
https://www.falabella.com.co/falabella-co/product/119934649/Surface-Laptop-GO-2-Core-i5-8GB-128GB/119934650;MICROSOFT;6 meses;;;;;;;;5.899.000
https://www.falabella.com.co/falabella-co/product/120608460/Portatil-Asus-Core-I5-1135g7-24gb-512gb-Win-11-Pro-Fhd-P1412/120608461;ASUS;1 año;Intel core i5;24GB;512GB;Integrada;;Windows;14;2.799.000
https://www.falabella.com.co/falabella-co/product/119708074/Portatil-Lenovo-AMD-Ryzen-7-16GB-512GB-IdeaPad-Flex-5-14%E2%80%9D-Azul/119708077;LENOVO;1 año;AMD ryzen 7;16GB;512GB;;;;14;4.499.900
https://www.falabella.com.co/falabella-co/product/13177096/Portatil-lenovo-s340-intel-core-i3-4gb-256gb-ssd/13177096;LENOVO;;Intel Core i3;4GB;256GB SSD &  HDD;;No aplica;Windows 10;14 pulgadas;2.599.900
https://www.falabella.com.co/falabella-co/product/118294410/Portatil-dell-vostro-3405-amd-ryzen-5-3450u-8gb-ram-256g-ssd-14''-windows-10-pro/118294412;DELL;12 meses;Otros;;;;;;;2.059.000
https://www.falabella.com.co/falabella-co/product/120822484/Portatil-Lenovo-AMD-Ryzen-7-12GB-512GB-IdeaPad-1-Azul/120822485;LENOVO;1 año;AMD ryzen 7;12GB;512GB;;;Windows 11;14;2.619.900
https://www.falabella.com.co/falabella-co/product/119757907/Combo-Portatil-HP-240-G8-Core-I5-16gb-256gb-SSD-+-1tb-14%E2%80%B3-Win-10-Pro-+-kaspersky/119757908;HP;12 Meses;;16GB;256GB;Integrada;No aplica;Windows 10 Pro;14;2.799.900
https://www.falabella.com.co/falabella-co/product/10128252/Portatil-acer-a514-intel-core-i3-1005g1-ssd-256gb/10128252;ACER;12 Meses;Intel Core i3;No aplica;256GB SSD & 4GB HDD;;;Windows 10 Home;14 pulgadas;2.599.900
https://www.falabella.com.co/falabella-co/product/119371292/PORTATIL-ASUS-INTEL-CORE-I3-1005G1-4GB-DDR4-256GB-SSD-PANTALLA-14-HD/119371293;ASUS;12 MESES;AMD ryzen 5;8GB;512GB;Intel uhd graphics 600;No aplica;Endless os;15;2.107.900
https://www.falabella.com.co/falabella-co/product/117775984/Portatil-Asus-X415ja-bv2029-core-i3-1005g1-Ram-4gb-Ssd-256-Pantalla-14-/117775986;ASUS;12 MESES;Intel core i3;4GB;256GB;;No aplica;Endless os;14;1.399.000
https://www.falabella.com.co/falabella-co/product/24488630/Portatil-Hp-245-G8-Amd-Ryzen-3-8gb-256gb-Ssd-Linux/24488630;HP;;AMD RYZEN R3;8GB;256GB;;No aplica;Linux;14 pulgadas;1.999.000
https://www.falabella.com.co/falabella-co/product/120491688/Todo-en-uno-Hp-Intel-core-i3-1215U-16GB-SSD-256GB-Freedos-Negro/120491691;HP;12 meses;Intel core i3;8GB;8GB;Intel Iris Xe Graphics;;;21;2.359.900
https://www.falabella.com.co/falabella-co/product/118294450/Pc-corporativo-lenovo-thinkcentre-v35s-07ada-sff-ryzen-5-ssd-512gb-8gb-win-11pro/118294451;LENOVO;12 meses;Otros;;;;;;;4.599.900
https://www.falabella.com.co/falabella-co/product/67126191/Portatil-Janus-I3-10110U-Ram-8Gb-Ssd-1Tb-Lcd-14/67126191;JANUS;12 meses;Intel core i3;8gb;1tb;;No aplica;Windows 10;14 pulgadas;1.464.000
https://www.falabella.com.co/falabella-co/product/120813403/Lenovo-ideapad-3-Intel-Core-I5-1135g7-Ram-8gb-Ssd-512gb-Win10-14-/120813404;LENOVO;12 meses;Intel core i5;8GB;512GB;Integrada;No aplica;Windows 10;14;2.359.900
https://www.falabella.com.co/falabella-co/product/119673876/Portatil-Lenovo-AMD-Ryzen-5-16GB-512GB-IdeaPad-Gaming-3-15.6%E2%80%9D-Gris/119673879;LENOVO;1 año;AMD ryzen 5;16GB;512GB;;6GB;;15;5.099.900
https://www.falabella.com.co/falabella-co/product/119935975/Portatil-Acer-A314-23P-AMD-Ryzen3-7gen-RAM-8GB-ddr5-SSD-256GB-14-pulgadas-IPS-Gris/119935976;ACER;12 MESES;AMD ryzen 3;8GB;256GB;AMD Radeon Grafics;No aplica;Linux;14;1.899.000
https://www.falabella.com.co/falabella-co/product/12490886/Portatil-hp-240-g7-core-i3-4gb-1tb-linux/12490886;HP;1 Año;Intel Core i3;4GB;1TB;;No aplica;Linux;14 pulgadas;1.900.000
https://www.falabella.com.co/falabella-co/product/119961746/Portatil-Lenovo-Intel-Core-i5-8GB-512GB-ThinkBook-15-Gen-2-15.6%E2%80%9D-Gris/119961747;LENOVO;1 año;Intel core i5;8GB;512GB;;;Windows 11;16;4.199.900
https://www.falabella.com.co/falabella-co/product/120206109/Portatil-Dell-Inspiron-7415-2-En-1-Ryzen-5-5500U-256Gb-SSD-8Gb-14-Win11-Touchscreen/120206111;DELL;1 Año;AMD ryzen 5;8GB;256GB;No aplica;No aplica;Windows 11;14;4.090.000
https://www.falabella.com.co/falabella-co/product/119658944/Portatil-Lenovo-Thinkpad-E14-Gen2-Core-I5Ram-16GB512GB-SSD14-W10P/119658945;LENOVO;12 Meses;Intel core i5;16GB;512GB;Inter Iris Xe;No aplica;Windows 10;14;4.879.000
https://www.falabella.com.co/falabella-co/product/118184643/Portatil-asus-M515da-Ryzen-5-3500u-SSD-512Gb-+-1Tera-Ram-8Gb-15,6-FHD/118184644;ASUS;1 año;AMD ryzen 5;8GB;512GB;AMD Radeon Graphics;No aplica;Free dos;15;2.079.900
https://www.falabella.com.co/falabella-co/product/120847755/Portatil-Lenovo-AMD-Ryzen-7-16GB-1TB-Legion-5-7ma-Gen-15%E2%80%9D-Gris/120847757;LENOVO;1 año;AMD ryzen 7;16GB;1TB;;6GB;;15;6.799.900
https://www.falabella.com.co/falabella-co/product/119368596/PORTATIL-ACER-NITRO-INTEL-CORE-I5-8GB-DDR4-512GB-SSD-PANT-15,6-FHD-GEFORCE-GTX-1650-4GB/119368597;ACER;12 MESES;Intel core i5;8GB;512GB;GeForce GTX 1650 Super 4GB;4GB;Windows 11;15;3.691.500
https://www.falabella.com.co/falabella-co/product/120992843/Portatil-Lenovo-ThinkPad-E14-Gen-2-Core-i5-1135G7-ssd-512-gb-16-GB-Win-10-Pro/120992844;LENOVO;1 año;Intel core i5;16GB;512GB;Integrada;No aplica;Windows 10;14;5.299.900
https://www.falabella.com.co/falabella-co/product/119967869/Portatil-Lenovo-Intel-Core-i5-8GB-512GB-ThinkBook-14-Gen-2-Gris/119967871;LENOVO;1 año;Intel core i5;8GB;512GB;Inter Iris Xe;;Windows 10 Pro;14;4.399.900
https://www.falabella.com.co/falabella-co/product/119623356/Portatil-Hp-16-c0503la-R7-5800H-RAM-16GB-SSD-512-GB-SSD-FHD-IPS-AG-300n-144Hz-W10-ADV/119623357;HP;1 año;AMD ryzen 7;8GB;512GB;Integrada;;Windows 10 Home;16;8.471.900
https://www.falabella.com.co/falabella-co/product/120954587/Portatil-Asus-B1400CEAE-BV5242R-14-Core-I7-24-Gb-512-Gb-SSD-Win10-Pro/120954588;ASUS;12 meses;Intel core i7;;512GB;;No aplica;Windows 10 Pro;;5.299.888
https://www.falabella.com.co/falabella-co/product/118294427/Computador-portatil-hp-14-dk1507la-amd-ryzen-3-3250u-4gb-256gb-dk1507la-negro/118294429;HP;12 meses;Otros;;;;;;;1.529.900
https://www.falabella.com.co/falabella-co/product/117775973/Portatil-asus-P1412cea-EK0662-Core-i5-1135g7-Ram-8-gb-ssd-256-Pantalla-14-fhd-win-pro/117775975;ASUS;12 meses;Intel core i5;8GB;256GB;;;Endless os;14;2.399.000
https://www.falabella.com.co/falabella-co/product/120929637/Portatil-HP-14-DK1002LA-AMD-Athlon-Silver-256GB-SSD-8GB-Windows-Oro-Palido/120929642;HP;;AMD athlon;8GB;256GB;No aplica;No aplica;Windows;14;1.539.900
https://www.falabella.com.co/falabella-co/product/24488623/Portatil-Hp-245-G8-14-Amd-Ryzen-5-8gb-256ssd/24488623;HP;12 Meses;AMD RYZEN R5;8GB;256GB;;No aplica;Linux;14 pulgadas;2.899.900
https://www.falabella.com.co/falabella-co/product/119797382/Portatil-HP-245-G8-Amd-Ryzen-3-5300U-12gb-256ssd-14-Pulgadas/119797383;HP;12 meses;AMD ryzen 3;12GB;256GB;;No aplica;Free dos;14;1.429.990
https://www.falabella.com.co/falabella-co/product/120380332/Computador-Hp-Todo-En-Uno-Intel-Core-i3-10110U-4Gb-1Tb/120380333;HP;;Intel core i3;;;;;;;3.700.000
https://www.falabella.com.co/falabella-co/product/120405794/Portatil-Lenovo-Intel-Core-i5-8GB-512GB-Yoga-Slim-7-Pro-14%E2%80%9D-Plata/120405797;LENOVO;1 año;Intel core i5;8GB;512GB;Inter Iris Xe;;Windows 11 Home;14;4.799.900
https://www.falabella.com.co/falabella-co/product/120841511/Portatil-Asus-X415EA-EK1940-core-i3-1115g4-Ram-4gb-Ssd-256-Sistema-operativo-endless/120841512;ASUS;1 año;Intel core i3;4GB;256GB;Integrada;No aplica;Endless os;14;1.439.000
https://www.falabella.com.co/falabella-co/product/120933301/Portatil-Lenovo-Thinkpad-E14-Gen-4-Ryzen-5/120933302;LENOVO;1 año;AMD ryzen 5;8GB;256GB;;;Windows 10;;2.949.900
https://www.falabella.com.co/falabella-co/product/120848777/Portatil-ASUS-Corporativo-B1500CEAE-Core-I5-1135G7-SSD-256GB-8GB-15.6-FHD-Win10/120848782;ASUS;12 MESES;Intel core i5;8GB;256GB;No aplica;;;15;4.659.900
https://www.falabella.com.co/falabella-co/product/120389215/Computador-Portatil-Hp-240-G8-Core-i3-1005G1-4Gb-1Tb-W10/120389216;HP;;Intel core i3;;;;;Windows 10;14;2.499.900
https://www.falabella.com.co/falabella-co/product/52780633/Portatil-Hp-245-G8-14-Amd-Ryzen-5-256Gb-Ssd-8Gb/52780633;HP;12 meses;Amd ryzen r5;8gb;256gb;;No aplica;De fabricante;14 pulgadas;1.659.900
https://www.falabella.com.co/falabella-co/product/30282694/Portatil-Lenovo-V14-Ci5-Ssd-512Gb-8Gb-14-./30282694;LENOVO;;;8GB;512GB;;No aplica;De fabricante;14 pulgadas;3.199.888
https://www.falabella.com.co/falabella-co/product/28409999/Portatil-Janus-Intel-I5-1035G1-Ram-8Gb-Ssd-512Gb/28409999;JANUS;12 meses;Intel core i7;8gb;500gb;;No aplica;Windows;14 pulgadas;2.575.000
https://www.falabella.com.co/falabella-co/product/120803523/Portatil-ASUS-Corporativo-B1500CEAE-Core-I7-1165G7-SSD-512GB-8GB-15.6-FHD-Win11/120803525;ASUS;12 MESES;Intel core i7;8GB;512GB;;;Windows 11;15;5.359.900
https://www.falabella.com.co/falabella-co/product/120858606/Portatil-Asus-M515da-bq1415-Amd-Ryzen-5-8gb-1tb-+256gb15,6-Fhd/120858607;ASUS;1 año;AMD ryzen;8GB;1TB;AMD radeon vega 8;No aplica;Linux;15;1.999.000
https://www.falabella.com.co/falabella-co/product/121033928/Portatil-ACER-A315-58-Core-i5-11Gen-20GB-RAM-1TB-SSD15%E2%80%B3-Pulgadas-Plateado/121033930;ACER;12 MESES;Intel core i5;20GB;1TB;Inter Iris Xe;;Linux;15;2.699.000
https://www.falabella.com.co/falabella-co/product/120942552/Portatil-HP-245-G8-Amd-Ryzen-3-5300U-24gb-256ssd-14-Pulgadas/120942553;HP;12 meses;AMD ryzen 3;24GB;256GB;;No aplica;Free dos;14;1.499.900
https://www.falabella.com.co/falabella-co/product/118294458/Portatil-toshiba-dynabook-a30-g-intel-celeron-ssd-128gb-4gb-13.3-fhd-windows-10/118294460;TOSHIBA;;Otros;;;;;;;1.189.900
https://www.falabella.com.co/falabella-co/product/120222059/Portatil-Lenovo-Intel-Core-i7-8GB-512GB-ThinkBook-15-G2-15.6%E2%80%9D-Gris/120222061;LENOVO;1 año;Intel core i7;8GB;512GB;;;Windows 11 Pro;16;5.099.900
https://www.falabella.com.co/falabella-co/product/62771328/Portatil-Asus-Intel-Core-I3-4-Gb-1005G1/62771328;ASUS;12 meses;Intel core i3;4gb;4tb;;4gb;Windows phone;16 pulgadas;2.456.900
https://www.falabella.com.co/falabella-co/product/119757464/Portatil-Lenovo-Intel-Core-i5-16GB-1TB-Yoga-Pro-7-14.5%E2%80%9D-Gris/119757465;LENOVO;1 año;Intel core i5;16GB;1TB;Inter Iris Xe;;Windows 11;14;5.499.900
https://www.falabella.com.co/falabella-co/product/117435841/Portatil-dell-ryzen-5-amd-8gb-ssd-256-linux-14-pulgadas-vostro-3405/117435842;DELL;1 Año;Otros;;;;;;;1.569.000
https://www.falabella.com.co/falabella-co/product/118294438/Portatil-lenovo-thinkbook-v14-g2-itl-14-core-i5-1135g7-8gb-ssd-256gb/118294439;LENOVO;12 meses;Otros;;;;;;;4.299.000
https://www.falabella.com.co/falabella-co/product/120491268/Todo-en-uno-Hp-Intel-core-i3-1215U-12GB-SSD-256GB-Freedos-Negro/120491269;HP;12 meses;Intel core i3;8GB;8GB;Intel Iris Xe Graphics;;;21;2.290.900
https://www.falabella.com.co/falabella-co/product/120492145/Todo-en-uno-Hp-Intel-core-i3-1215U-24GB-SSD-256GB-Freedos-Negro/120492149;HP;12 meses;Intel core i3;8GB;8GB;Intel Iris Xe Graphics;;;21;2.459.900
https://www.falabella.com.co/falabella-co/product/118294424/Portatil-hp-245-g8-amd-ryzen-5-5500u-1tb-4gb-14%E2%80%9D-win-10pro/118294425;HP;;Otros;;;;;;;2.399.000
https://www.falabella.com.co/falabella-co/product/117435788/Portatil-asus-x415ea-core-i3-1115g4-8gb-ram-256gb-ssd-14-hd/117435791;ASUS;1 Año;Otros;;;;;;;1.589.000
https://www.falabella.com.co/falabella-co/product/119644626/Lenovo-Thinkbook-14-Gen-3-Ryzen-5-5500u-8g-512-Ssd-W10-Pro/119644627;LENOVO;12 meses;AMD ryzen 5;8GB;512GB;AMD Radeon Grafics;No aplica;Windows 10 Pro;14;4.989.900
https://www.falabella.com.co/falabella-co/product/117766460/Portatil-Acer-Gateway-Core-i3-4GB-128GB-SDD-Win-10-Home-Color-verde/117766462;GATEWAY;12 Meses;Intel core i3;4GB;128GB;;No aplica;Windows 10;14;1.369.900
https://www.falabella.com.co/falabella-co/product/116641229/Portatil-hp-14-cf2062la-intel-core-i3-4gb-256gb/116641231;HP;;Intel core i3;4GB;;;;Windows 10;;1.999.900
https://www.falabella.com.co/falabella-co/product/121012781/Portatil-ACER-A315-58-Core-i5-11Gen-8GB-RAM-1TB-SSD15%E2%80%B3-Pulgadas-Plateado/121012782;ACER;12 MESES;Intel core i5;8GB;1TB;Inter Iris Xe;;Linux;15;2.429.000
https://www.falabella.com.co/falabella-co/product/68684759/Computador-Portatil-Hp-Intel-Celeron-Ram-4Gb/68684759;HP;12 meses;Intel celeron;4gb;128gb SSD & 128gb HDD;;No aplica;Windows;14 pulgadas;1.375.900
https://www.falabella.com.co/falabella-co/product/120837945/Portatil-Lenovo-Ryzen-3-8GB-512GB-IdeaPad-Slim-3-15.6%E2%80%9D-Azul/120837946;LENOVO;1 año;AMD ryzen 3;8GB;512GB;AMD Radeon Grafics;;Windows 11 Home;15;1.869.900
https://www.falabella.com.co/falabella-co/product/120969562/Portatil-hp-15-ef2503la-ryzen-3-ram-4-gb-ssd-256-gb/120969563;HP;;AMD ryzen 3;4GB;256GB;;;Windows 11;;1.390.000
https://www.falabella.com.co/falabella-co/product/120831793/Portatil-Lenovo-Intel-Core-i5-8GB-512GB-Ideapad-1-Gen-7-14%E2%80%9D-Azul/120831794;LENOVO;1 año;Intel core i5;8GB;512GB;Inter Iris Xe;;Windows 11;14;3.049.900
https://www.falabella.com.co/falabella-co/product/118294426/Pc-hp-400-g7-sff-intel-i5-10500-8gb-512gb-ssd-w10-pro-18.5%E2%80%9D/118294428;HP;;Otros;;;;;;;3.699.900
https://www.falabella.com.co/falabella-co/product/119969224/Portatil-Lenovo-AMD-Ryzen-5-8GB-512GB-ThinkBook-14-Gen-3-Gris/119969226;LENOVO;1 año;AMD ryzen 5;8GB;512GB;;;Windows 11 Pro;14;3.899.900
https://www.falabella.com.co/falabella-co/product/119438514/Portatil-Hp-14-Pulgadas-Ram-4-Gb-Ssd-128-Gb-Intel-Celeron/119438518;HP;1 año;;4GB;128GB;Intel UHD 630;4GB;;14;1.513.900
https://www.falabella.com.co/falabella-co/product/116939138/COMPUTADOR-PORTATIL-JANUS-I5-1035G1-8GB-SSD-256GB-LCD-14/116939139;JANUS;1 año;Intel core i5;8GB;256GB;;No aplica;Windows 10;14;2.116.000
https://www.falabella.com.co/falabella-co/product/120002938/Portatil-hp-stream-11-pro-g4-intel-celeron-n3350-1.10ghz-4gb-ram-64gb-sdd-negro/120002940;HP;;Intel celeron;4GB;64GB;Intel hd graphics 500;;Windows 10;;1.429.999
https://homecenter.falabella.com.co/homecenter-co/product/118827651/Portatil-Hp-Core-I3-2.1Ghz-8Gb-15Pulg-Win-10/118827652;HEWLETT PACKARD;12 meses;;8 GB;;;;Windows;;1.429.900
https://www.falabella.com.co/falabella-co/product/117252268/COMPUTADOR-PORTATIL-JANUS-I5-1035G1-SSD-1TB-LCD-14/117252269;JANUS;12 meses;Intel core i5;8GB;1TB;;No aplica;Windows 10;14;2.750.000
https://www.falabella.com.co/falabella-co/product/17346847/Portatil-acer-a514-53-i3-4-256/17346847;ACER;12 Meses;Intel Core i3;4GB;256GB;;No aplica;Windows 10;14 pulgadas;2.552.900
https://www.falabella.com.co/falabella-co/product/118247720/Portatil-asus-x415ea-14-core-i5-4gb-256ssd/118247721;ASUS;;AMD a6;3GB;;;;Linux;;1.765.500
https://www.falabella.com.co/falabella-co/product/66345913/Portatil-Hp-245-G8-Ryzen-5-Ram-8Gb-Ssd-256Gb-14-L/66345913;HP;12 meses;Amd ryzen r5;8gb;256gb;;No aplica;Linux;14.1 pulgadas;1.469.888
https://www.falabella.com.co/falabella-co/product/117435789/Portatil-asus-x415ja-core-i3-ram-4gb-ssd-256gb-14-hd-endless-gris/117435792;ASUS;;Otros;;;;;;;1.369.000
https://www.falabella.com.co/falabella-co/product/120965177/Portatil-hp-15-ef2503la-ryzen3-ram-4gb-ssd-256gb-+-mouse-inalambrico-y-diadema/120965179;HP;;AMD ryzen 3;4GB;256GB;;;Windows 11;;1.390.000
https://www.falabella.com.co/falabella-co/product/119833732/Portatil-Lenovo-Intel-Core-i7-16GB-512GB-Yoga-Slim-6-14%E2%80%9D-Gris/119833733;LENOVO;1 año;Intel core i7;16GB;512GB;Inter Iris Xe;;Windows 11 Home;14;5.599.900
https://www.falabella.com.co/falabella-co/product/57085839/Portatil-Hp-14-Pulg-Ryzen-5-8Gb-256Gbssd/57085839;HP;12 meses;Amd ryzen r5;8gb;256gb;;;Windows;14 pulgadas;1.610.000
https://homecenter.falabella.com.co/homecenter-co/product/118873929/Portatil-Asus-M415Da-Bv367T-Amdathlonsilver30/118873933;ASUS;12 meses;;4 GB;;;;Windows;14 pulgadas;1.399.900
https://homecenter.falabella.com.co/homecenter-co/product/119402078/Portatil-Lenovo-Amd-Ryzen-7-12GB-512GB-Ideapad-3-15-Pulgadas-Gris/119402079;LENOVO;1 año;AMD Ryzen 7 5700U;12 GB;;;;Windows;;3.199.900
https://homecenter.falabella.com.co/homecenter-co/product/118821597/Monitor-Samsung-32-Lc32R500-Curvo-1920X1080/118821602;SAMSUNG;36 meses;;;;;;FreeDOS;;1.367.900
https://www.falabella.com.co/falabella-co/product/120995217/Portatil-Asus-Ryzen-5-4600h-Ram-24gb-Solido-512gb-Fhd-Win-10/120995218;ASUS;12 meses;AMD ryzen 5;24GB;512GB;AMD Radeon Graphics;No aplica;Windows 11;14;2.479.900
https://www.falabella.com.co/falabella-co/product/120857491/Portatil-Lenovo-Ryzen-7-5700u-Ram-8gb-Ssd-256gb-Fhd-Ideapad-3/120857492;LENOVO;1 años;AMD ryzen 7;8GB;256GB;AMD radeon vega 8;No aplica;Free dos;14;2.179.000
https://www.falabella.com.co/falabella-co/product/120857556/Portatil-Lenovo-Ryzen-7-5700u-Ram-12gb-Ssd-256gb-Fhd-Ideapad-3/120857557;LENOVO;1 años;AMD ryzen 7;12GB;256GB;AMD radeon vega 8;No aplica;Free dos;14;2.299.000
https://www.falabella.com.co/falabella-co/product/120857617/Portatil-Lenovo-Ryzen-7-5700u-Ram-20gb-Ssd-256gb-Fhd-Ideapad-3/120857618;LENOVO;1 años;AMD ryzen 7;20GB;256GB;AMD radeon vega 8;No aplica;Free dos;14;2.389.000
https://www.falabella.com.co/falabella-co/product/120966343/Portatil-HP-14-dq2504la-Intel-Ci3-8GB-512GB-14-HD-W11-Home/120966344;HP;;Intel core i3;8GB;512GB;No aplica;;Windows 10;14;3.272.900
https://homecenter.falabella.com.co/homecenter-co/product/118842578/Portatil-Asus-X543UA-GQ3516-Ci5-SSD-256GB-8GB-Endless-15.6-Pulgadas/118842580;ASUS;;Intel Core i5-8250U;8 GB;;;;Linux;;3.199.900
https://homecenter.falabella.com.co/homecenter-co/product/118829151/Portatil-Lenovo-V14-G2-ITL-14-Core-i5-1135G7-8GB-SSD-512GB/118829152;LENOVO;;Intel Core i5-1135G7;8 GB;;;;FreeDOS;;2.739.900
https://homecenter.falabella.com.co/homecenter-co/product/119407166/Portatil-Lenovo-Intel-Core-I5-8GB-512GB-Ideapad-1-Gen-7-14-Pulgadas-Azul/119407167;LENOVO;1 año;Intel Core i5-1235U;8 GB;;;;Windows;;3.049.900
https://homecenter.falabella.com.co/homecenter-co/product/118836710/Monitor-Lg-27-Ips-Full-Hd-Freesync-75Hz-Hdmi-27Mp400-Borde-Delgado-Negro-1920-X-1080/118836713;LG;40 meses;;;;;;FreeDOS;;944.900
https://www.falabella.com.co/falabella-co/product/117435808/Portatil-asus-x415ja-core-i3-ram-8gb-ssd-256gb-14-hd-endless-gris/117435810;ASUS;;Otros;;;;;;;1.449.000
https://www.falabella.com.co/falabella-co/product/120809750/Portatil-ASUS-Corporativo-B2402CBA-Core-I7-SSD-512GB-8GB-Pantalla-14-FHD-Win-11/120809752;ASUS;12 MESES;Otros;8GB;512GB;;;Windows 11 Pro;14;5.169.900
https://homecenter.falabella.com.co/homecenter-co/product/119412470/Portatil-14Pulg-ASUS-ExpertBook-B1440FA-BV31-4GB-1TB/119412474;ASUS;;Intel Core i3-10110U;;;;;Linux;;1.541.900
https://homecenter.falabella.com.co/homecenter-co/product/118843144/Portatil-Hp-15-Gw0017La-Ryzen-3-4Gb-256Gb-Win10/118843148;HP;12 meses;Ryzen 3 3250U;4 GB;;;;Windows;;1.699.900
https://homecenter.falabella.com.co/homecenter-co/product/118856008/Monitor-Lg-24-24Mp400-1920X1080/118856009;LG;40 meses;;;;;;FreeDOS;;824.900
https://homecenter.falabella.com.co/homecenter-co/product/118826384/Monitor-Samsung-32-Pivot-Qhd-Hdr-Freesync-75-Hz-Ls32A600Uu-Negro-2560X1440/118826385;SAMSUNG;36 meses;;;;;;FreeDOS;;1.854.900
https://homecenter.falabella.com.co/homecenter-co/product/118862930/Portatil-Asus-K513Ea-Bq2213-Core-I7-8-GB-Ssd-512GB-15,6-Pulgadas-Fhd-Endless/118862931;ASUS;12 meses;r Intel Core i7-1165G7;8 GB;;;;Linux;;3.322.900
https://www.falabella.com.co/falabella-co/product/120994139/Portatil-Lenovo-ThinkPad-L14-Gen-2-Core-i7-11va-8GB-512GB-SSD-14-W10-Pro/120994141;LENOVO;1 año;Intel core i7;8GB;512GB;No aplica;No aplica;Windows 10;14;5.699.000
https://www.falabella.com.co/falabella-co/product/120154404/Desktop-Lenovo-Intel-Core-i7-8GB-512GB-ThinkCentre-M70q-Gen-3-Negro/120154405;LENOVO;1 año;Intel core i7;8GB;512GB;Intel UHD 770;;Windows 11;;5.799.900
https://homecenter.falabella.com.co/homecenter-co/product/118829682/Notebook-Asus-X543Ma-Dm1336Ra-Intel-Celeron-N40/118829685;ASUS;12 meses;;4 GB;;;;Windows;;1.119.900
https://homecenter.falabella.com.co/homecenter-co/product/118651879/15-Ef1009La-Portatilryzen-3-4Gb-256Gb-15-Win-10-P/118651881;HP;12 meses;Ryzen 3 4300U;4 GB;;;;Windows;;1.559.900
https://homecenter.falabella.com.co/homecenter-co/product/119416289/Portatil-Hp-245-G8-Ryzen-5-Ram-8GB-SSD-256GB-14-Linux/119416292;HP;12 meses;;8 GB;;;;Linux;;1.449.900
https://homecenter.falabella.com.co/homecenter-co/product/119408984/Portatil-Asus-B1400Ceae-Bv5242R-14-Core-I7-8GB-512GB-SSD-Win10-Pro/119408986;ASUS;12 meses;;8 GB;;;;Windows;;4.979.900
https://www.falabella.com.co/falabella-co/product/121158450/Portatil-Asus-M3500-Amd-R7-5800h-Ram-16gb-Ssd-512gb-Rtx3050/121158452;ASUS;1 año;AMD ryzen 7;16GB;512GB;;4GB;Free dos;15;4.949.000
https://www.falabella.com.co/falabella-co/product/121213046/Cpu-janus-celeron-dual-n4000-8gb-ssd-256gb-teclado/121213049;JANUS;12 MESES;Intel celeron;8GB;256GB;;1;Linux;1;799.700
https://www.falabella.com.co/falabella-co/product/121146455/Portatil-Asus-Zenbook-14-FHD-Ryzen-5-512GB-8GB-Windows-11/121146456;ASUS;;AMD ryzen 5;8GB;;;;Windows 11;14;5.546.900
https://www.falabella.com.co/falabella-co/product/121172044/Computador-Portatil-Asus-Ryzen-5-4600h-24gb-Ram-+-512Gb-SSD-14pul-FHD-M1402IA/121172046;ASUS;12 meses;AMD ryzen 5;24GB;512GB;AMD Radeon Graphics;No aplica;Endless os;14;2.399.900
https://www.falabella.com.co/falabella-co/product/121172108/Computador-Portatil-Asus-Ryzen-5-4600h-16gb-Ram-+-512Gb-SSD-14pul-FHD-M1402IA/121172110;ASUS;12 meses;AMD ryzen 5;16GB;512GB;AMD Radeon Graphics;No aplica;Endless os;14;2.329.900
https://www.falabella.com.co/falabella-co/product/121173539/Computador-Portatil-Asus-Ryzen-3-256Gb-Ssd-+-8Gb-Ram-15.6Pul-Fhd-M515DA/121173540;ASUS;12 meses;AMD ryzen 3;8GB;256GB;AMD Radeon Graphics;No aplica;Endless os;15;1.499.900
https://www.falabella.com.co/falabella-co/product/121174733/Computador-Portatil-Asus-Core-I3-1115g4-12Gb-+-256Gb-Ssd-14-Fhd-X415EA/121174734;ASUS;12 meses;Intel core i3;12GB;256GB;No aplica;No aplica;Endless os;14;1.599.900
https://www.falabella.com.co/falabella-co/product/121187606/Portatil-Lenovo-Thinkpad-E14-G4-I5-1235u-16gb-512gb-w11pro/121187607;LENOVO;36 meses;Intel core i5;16GB;512GB;Inter Iris Xe;No aplica;;14;5.099.888
https://www.falabella.com.co/falabella-co/product/121188535/Computador-Portatil-Asus-Ryzen-5-5600h-16Gb-Ram-+-512Gb-Ssd-15,6pul-FHD-Tv-Nvidia-4Gb-M6500QB/121188537;ASUS;12 meses;AMD ryzen 5;16GB;512GB;Integrada;4GB;Endless os;15;2.759.900
https://www.falabella.com.co/falabella-co/product/121189288/Portatil-Dell-Inspiron-15-3511-Core-I7-1165g7-Ram-8gb-256gb/121189289;DELL;1 año;Intel core i7;8GB;256GB;Intel Iris Xe Graphics;No aplica;Linux;15;3.799.000
https://www.falabella.com.co/falabella-co/product/120571452/Portatil-Asus-E1504-Ryzen-5-7520u-16gb-Ssd-512gb-Huella-Fhd/120571453;ASUS;1 años;AMD ryzen 5;16GB;512GB;Integrada;No aplica;Free dos;15;2.449.000
https://www.falabella.com.co/falabella-co/product/121277781/PORTATIL-ACER-NITRO-AN515-57-529S-INTEL-CORE-I5-11400H-8GB-1-TERA-SSD-15,6-/121277782;ACER;12 meses;Intel core i5;8GB;512GB;;;;13;4.494.000
https://www.falabella.com.co/falabella-co/product/121278754/Portatil-Hp-Intel-Celeron-N4120-4Gb-Ddr-256Gb-Ssd-Pantalla-14-Hd-Windows-10/121278755;HP;;AMD ryzen 3;4GB;256GB;GeForce GTX 1650 4GB;6GB;Free dos;14;870.000
https://www.falabella.com.co/falabella-co/product/121279078/Portatil-Acer-Nitro-AN515-57-529S-Intel-Core-i5-11400H-8GB-1TB-SSD-RTX-3050-4GB/121279080;ACER;1 año;Intel core i5;8GB;1TB;No aplica;4GB;Free dos;15;4.659.900
https://www.falabella.com.co/falabella-co/product/121216103/Portatil-Dell-Inspiron-15-3511-Core-I7-1165g7-Ram-20gb-256gb/121216107;DELL;1 año;Intel core i7;20GB;256GB;Intel Iris Xe Graphics;No aplica;Linux;15;3.899.000
https://www.falabella.com.co/falabella-co/product/120973728/Portatil-Asus-M6500QB-HN041-Ryzen-5-5600H-Ram-16-gb-Ssd-512-MX550-4gb-pantalla-15,6-/120973729;ASUS;1 año;AMD ryzen 5;16GB;512GB;Intel hd graphics 5500;4GB;Endless os;15;2.749.000
https://www.falabella.com.co/falabella-co/product/121279214/Portatil-Hp-Pavilon-15-eh0008-Pavilion-Rz5-8gb-256-Gb-Ssd-15.6/121279215;HP;12 meses;AMD ryzen 5;8GB;256GB;AMD radeon r5 graphics;No aplica;Windows 11 Home;15;2.399.900
https://www.falabella.com.co/falabella-co/product/121280542/Portatil-ASUS-X415JA-BV2029-Intel-Core-i3-1005G1-256SSD-4-Gb-14-HD-Endless/121280543;ASUS;1 año;Intel core i3;4GB;256GB;No aplica;No aplica;Free dos;14;1.369.000
https://www.falabella.com.co/falabella-co/product/121110124/Portatil-Asus-B1440fa-Bv3500-Core-I3-4Gb-256Gb-SSD-14/121110125;ASUS;12 meses;Intel core i3;4GB;256GB;;;Windows 10;14;1.449.000
https://www.falabella.com.co/falabella-co/product/121214614/Portatil-aSUS-x543ma-gq1381-celeron-n4020-4gb-1tr-15,6-gris/121214617;ASUS;12 MESES;Intel celeron;4GB;1TB;Intel UHD 630;No aplica;;15;899.700
https://www.falabella.com.co/falabella-co/product/121015028/Portatil-Asus-M1402IA-EK094-Ryzen-5-4600h-16gb-512gb-14-FHD/121015029;ASUS;1 año;AMD ryzen 5;16GB;512GB;AMD Radeon Graphics;No aplica;Windows;14;2.399.900
https://www.falabella.com.co/falabella-co/product/121241967/PORTATIL-HP-15-DW3505LA-I3-1115G48GB256GB-SSD15-Mouse-HP-Gamer/121241970;HP;1 año;Intel core i3;8GB;256GB;;;Free dos;15;1.599.990
https://www.falabella.com.co/falabella-co/product/121281790/PORTATIL-ASUS-TUF-FX506LHB-HN323-INTEL-CORE-I5-10300H-8GB-512GB-SSD-15,6-/121281791;ASUS;12 meses;Intel core i5;8GB;512GB;;;Windows 10;15;2.800.007
https://www.falabella.com.co/falabella-co/product/121272992/Portatil-Lenovo-Ideapad-3-Intel-Core-i5-1155G7-Ram-8gb-Ssd-256-pantalla-14-FHD/121272996;LENOVO;1 año;Intel core i5;8GB;256GB;Integrada;No aplica;Endless os;14;1.929.000
https://www.falabella.com.co/falabella-co/product/121231063/Portatil-Dell-3511-Intel-Core-I7-1165g7-Ram-20gb-Ssd-512gb/121231066;DELL;1 año;Intel core i7;20GB;512GB;Intel Iris Xe Graphics;No aplica;Linux;15;3.999.000
https://www.falabella.com.co/falabella-co/product/121239201/Msi-raider-ge76-core-i9-12900h-16gb-1tb-rtx-3060-gamer/121239202;MSI;;Intel core i9;1TB;32GB;;;Windows 11;;8.999.990
https://www.falabella.com.co/falabella-co/product/121239203/Msi-raider-ge76-core-i9-12900h-16gb-1tb-rtx-3060-gamer/121239204;MSI;;Intel core i9;32GB;1TB;;;Windows 11;;8.999.990
https://www.falabella.com.co/falabella-co/product/121042145/Lenovo-ThinkBook-5300U-AMD-Ryzen-3-RAM-8-GB-256-GB-Grey-15-/121042146;LENOVO;12 meses;AMD ryzen 3;8GB;256GB;AMD radeon r3 graphics;No aplica;Free dos;15;1.799.800
https://www.falabella.com.co/falabella-co/product/121283002/Portatil-Asus-X415EA-EK1182-core-i3-1115g4-Ram-4gb-Ssd-256-Sistema-operativo-endless/121283007;ASUS;1 año;Intel core i3;4GB;256GB;No aplica;No aplica;Free dos;14;1.479.900
https://www.falabella.com.co/falabella-co/product/121176341/Computador-Portatil-Asus-Core-I3-1115g4-8Gb-+-256Gb-Ssd-14-Fhd-X415EA/121176343;ASUS;12 meses;Intel core i3;8GB;256GB;No aplica;No aplica;Endless os;14;1.499.900
https://www.falabella.com.co/falabella-co/product/121050776/PORTATIL-ASUS-P1412CEA-EK0883X-CI5-8GB-512-SSD-Pantalla-14-FHD-Windows-11-Pro/121050782;ASUS;1 año;Intel core i5;768MB;512GB;Intel Iris Xe Graphics;No aplica;Windows 11;14;2.459.900
https://www.falabella.com.co/falabella-co/product/121176408/Computador-Portatil-Asus-Core-I3-1115g4-20Gb-+-256Gb-Ssd-14-Fhd-X415EA/121176409;ASUS;12 meses;Intel core i3;20GB;256GB;No aplica;No aplica;Endless os;14;1.699.900
https://www.falabella.com.co/falabella-co/product/121033339/Portatil-ACER-A315-58-Core-i5-11Gen-8GB-RAM-1TB-SSD15%E2%80%B3-Pulgadas-Plateado/121033342;ACER;12 MESES;Intel core i5;12GB;1TB;Inter Iris Xe;;Linux;15;2.549.000
https://www.falabella.com.co/falabella-co/product/121295030/PORTATIL-ASUS-TUF-FA506QM-HN008-AMD-RYZEN-7-5800H-16GB-512GB-SSD-15,6-FHD/121295031;ASUS;12 meses;AMD ryzen 7;16GB;512GB;GeForce RTX 3060 Ti 8GB GDDR6;;Free dos;13;5.820.800