link;brand;warranty;processor;ram;hardDrive;grapCard;capGrapCard;opSystem;screenSize;price
https://www.ktronix.com/computador-portatil-hp-pavilion-156-pulgadas-eg0500la-intel-core-i5-ram-8gb-disco-ssd-256-gb-plateado/p/196786419003;HP;12 Meses;Intel Core I5;8 GB;Estado Solido SSD 256 GB;;;Windows;15.6 Pulgadas;2.099.000
https://www.ktronix.com/computador-portatil-lenovo-14-pulgadas-ideapad-3-intel-core-i3-ram-8gb-disco-ssd-256gb-azul/p/196378007380;LENOVO;12 Meses;Intel Core I3;8 GB;Estado Solido SSD 256 GB;;;Windows;14 Pulgadas;1.599.000
https://www.ktronix.com/computador-portatil-asus-vivobook-x-16-pulgadas-m1603qa-amd-ryzen-5-ram-16gb-disco-ssd-512-gb-plateado/p/4711081929666;ASUS;12 Meses;AMD R5;16 GB;Estado Solido SSD 512 GB;;;Windows;16 Pulgadas;2.999.000
https://www.ktronix.com/computador-portatil-acer-156-pulgadas-35ms-intel-ci3-ram-8gb-disco-ssd-256gb-verde/p/4711121378164;ACER;12 Meses;Intel Core I3;8 GB;Estado Solido SSD 256 GB;;;Windows;15.6 Pulgadas;1.899.000
https://www.ktronix.com/computador-portatil-hp-14-pulgadas-dq2510la-intel-core-i3-ram-8gb-disco-ssd-512-gb-plateado/p/196786001239;HP;1 año;Intel Core I3;8 GB;Estado Solido SSD 512 GB;;;Windows;14 Pulgadas;1.699.000
https://www.ktronix.com/computador-portatil-lenovo-14-pulgadas-ideapad-3-intel-core-i5-ram-8gb-disco-ssd-256gb-azul/p/196802801904;LENOVO;12 Meses;Intel Core I5;8 GB;Disco Duro HDD 256 GB;;;Windows;14 Pulgadas;1.999.000
https://www.ktronix.com/computador-portatil-hp-14-pulgadas-fq1012la-amd-ryzen-5-ram-12gb-disco-ssd-256-gb-plateado/p/197192433454;HP;12 Meses;AMD R5;12 GB;Estado Solido SSD 256 GB;;;Windows;14 Pulgadas;2.049.000
https://www.ktronix.com/computador-portatil-lenovo-14-pulgadas-ideapad-3-amd-ryzen-3-ram-8gb-disco-ssd-512gb-azul/p/196802802123;LENOVO;12 Meses;AMD R3;8 GB;Estado Solido SSD 512 GB;;;Windows;14 Pulgadas;1.749.000
https://www.ktronix.com/computador-portatil-asus-tuf-dash-156-pulgadas-fx517zc-intel-core-i5-ram-16gb-disco-ssd-512-gb-negro/p/4711081724360;ASUS;12 Meses;Intel Core I5;16 GB;Estado Solido SSD 512 GB;GeForce RTX 3050;;Windows;15.6 Pulgadas;4.799.000
https://www.ktronix.com/computador-portatil-asus-vivobook-x-oled-156-pulgadas-x1503za-intel-core-i5-ram-12gb-disco-ssd-512-gb-azul/p/4711081893073;ASUS;12 Meses;Intel Core I5;12 GB;Estado Solido SSD 512 GB;;;Windows;15.6 Pulgadas;3.699.000
https://www.ktronix.com/computador-portatil-gamer-acer-156-pulgadas-504y-intel-ci5-ram-8gb-disco-ssd-1tb-negro/p/4711121281501;ACER;12 Meses;Intel Core I5;8 GB;Estado Solido SSD 1 TB;GeForce GTX 1650;4GB;Windows;15.6 Pulgadas;3.749.000
https://www.ktronix.com/computador-portatil-asus-14-pulgadas-x415ja-intel-core-i5-ram-8gb-disco-ssd-256-gb-plateado/p/4711081882527;ASUS;12 Meses;Intel Core I5;8 GB;Estado Solido SSD 256 GB;;;Windows;14 Pulgadas;1.949.000
https://www.ktronix.com/computador-portatil-asus-156-pulgadas-x515ea-intel-core-i3-ram-8gb-disco-ssd-512-gb-gris/p/4711387145692;ASUS;12 Meses;Intel Core I3;8 GB;Estado Solido SSD 512 GB;;;Windows;15.6 Pulgadas;1.799.000
https://www.ktronix.com/computador-portatil-gamer-victus-hp-161-pulgadas-d0504la-intel-core-i5-ram-8gb-disco-ssd-512-gb-azul-intenso/p/196337885110;HP;12 Meses;Intel Core I5;8 GB;Estado Solido SSD 512 GB;GeForce GTX 1650;4GB VRAM;Windows;16.1 Pulgadas;3.449.000
https://www.ktronix.com/macbook-air-13-pulgadas-mgn93la-a-chip-m1-ram-8gb-disco-estado-solido-256-gb-ssd-plata/p/194252425862;APPLE;12 Meses;APPLE M1;8 GB;Estado Solido SSD 256 GB;;;MacOS;13.3 Pulgadas;5.299.000
https://www.ktronix.com/computador-portatil-asus-tuf-gaming-f15-156-pulgadas-fx506lh-intel-core-i5-ram-8gb-disco-ssd-512-gb-negro/p/4711081724025;ASUS;12 Meses;Intel Core I5;8 GB;Estado Solido SSD 512 GB;GeForce GTX 1650;4GB GDDR6;Windows;15.6 Pulgadas;3.399.000
https://www.ktronix.com/computador-portatil-asus-vivobook-14-pulgadas-m1402ia-amd-r5-ram-8gb-disco-ssd-512-gb-plateado/p/4711081765417;ASUS;12 Meses;AMD R5;8 GB;Estado Solido SSD 512 GB;;;Windows;14 Pulgadas;2.119.000
https://www.ktronix.com/computador-portatil-gamer-acer-156-pulgadas-53e7-intel-ci5-ram-8gb-disco-ssd-512gb-negro/p/4711121320873;ACER;12 Meses;Intel Core I5;8 GB;Estado Solido SSD 512 GB;GeForce RTX 3050;4GB DDR6;Windows;15.6 Pulgadas;4.099.000
https://www.ktronix.com/computador-portatil-lenovo-14-pulgadas-ideapad-3-amd-ryzen-5-ram-8gb-disco-ssd-512gb-azul/p/196802802000;LENOVO;12 Meses;AMD R5;8 GB;Estado Solido SSD 512 GB;;;Windows;14 Pulgadas;2.119.000
https://www.ktronix.com/computador-portatil-acer-14-pulgadas-r01g-amd-r5-ram-8gb-disco-ssd-512gb-plateado/p/4711121324949;ACER;12 Meses;AMD R5;8 GB;Estado Solido SSD 512 GB;;;Windows;14 Pulgadas;2.899.000
https://www.ktronix.com/computador-portatil-asus-vivobook-x-oled-156-pulgadas-m1503qa-amd-ryzen-5-ram-8gb-disco-ssd-512-gb-plateado/p/4711081833178;ASUS;12 Meses;AMD R5;8 GB;Estado Solido SSD 512 GB;;;Windows;15.6 Pulgadas;2.999.000
https://www.ktronix.com/computador-portatil-asus-14-pulgadas-x415ja-intel-core-i3-ram-8gb-disco-ssd-256-gb-plateado/p/4711081929642;ASUS;12 Meses;Intel Core I3;8 GB;Estado Solido SSD 256 GB;;;Windows;14 Pulgadas;1.599.000
https://www.ktronix.com/computador-portatil-hp-14-pulgadas-fq1004la-amd-r3-ram-8gb-disco-ssd-512-gb-plateado/p/196548546022;HP;12 Meses;AMD R3;8 GB;Estado Solido SSD 512 GB;;;Windows;14 Pulgadas;1.769.000
https://www.ktronix.com/computador-portatil-hp-pavilion-156-pulgadas-eg0506la-intel-core-i5-ram-16gb-disco-ssd-512-gb-plateado/p/197029419071;HP;12 Meses;Intel Core I5;16 GB;Estado Solido SSD 512 GB;;;Windows;15.6 Pulgadas;3.199.000
https://www.ktronix.com/computador-portatil-asus-zenbook-oled-133-pulgadas-ux325ea-intel-core-i5-ram-16gb-disco-ssd-512-gb-gris/p/4711081887966;ASUS;12 Meses;Intel Core I5;16 GB;Estado Solido SSD 512 GB;;;Windows;13.3 Pulgadas;4.299.000
https://www.ktronix.com/computador-portatil-gamer-asus-tuf-dash-156-pulgadas-fx517zm-intel-core-i7-ram-16gb-disco-ssd-512-gb-negro/p/4711081724049;ASUS;12 Meses;Intel Core I7;16 GB;Estado Solido SSD 512 GB;GeForce RTX 3060;6GB GDDR6;Windows;15.6 Pulgadas;7.199.000
https://www.ktronix.com/computador-portatil-asus-vivobook-156-pulgadas-x1502za-intel-core-i5-ram-16gb-disco-ssd-512-gb-azul/p/4711081765394;ASUS;12 Meses;Intel Core I5;16 GB;Estado Solido SSD 512 GB;;;Windows;15.6 Pulgadas;3.499.000
https://www.ktronix.com/computador-portatil-lenovo-14-pulgadas-ideapad-1-amd-ryzen-7-ram-12gb-disco-ssd-512gb-azul/p/196804523460;LENOVO;12 Meses;AMD R7;12 GB;Estado Solido SSD 512 GB;;;Windows;14 Pulgadas;2.899.000
https://www.ktronix.com/computador-portatil-asus-zenbook-14-pulgadas-um425qa-amd-ryzen-5-ram-16gb-disco-ssd-512-gb-gris/p/4711081765448;ASUS;12 Meses;AMD R5;16 GB;Estado Solido SSD 512 GB;;;Windows;14 Pulgadas;3.999.000
https://www.ktronix.com/computador-portatil-hp-14-pulgadas-dq2524la-intel-core-i3-ram-8gb-disco-ssd-256-gb-dorado/p/197029538666;HP;12 Meses;Intel Core I3;8 GB;Estado Solido SSD 256 GB;;;Windows;14 Pulgadas;1.699.000
https://www.ktronix.com/computador-portatil-hp-14-pulgadas-dq0502la-intel-celeron-ram-8gb-disco-ssd-256-gb-negro/p/196548549801;HP;12 Meses;Intel Celeron;8 GB;Estado Solido SSD 256 GB;;;Windows;14 Pulgadas;1.269.000
https://www.ktronix.com/macbook-air-13-pulgadas-mly33e-a-chip-m2-ram-8gb-ssd-256gb-azul/p/194253191056;APPLE;12 Meses;APPLE M2;8 GB;Estado Solido SSD 256 GB;;;MacOS;13.6 Pulgadas;7.939.000
https://www.ktronix.com/computador-portatil-gamer-lenovo-156-pulgadas-ideapad-gaming-3-intel-core-i5-ram-8gb-disco-ssd-512gb-negro/p/196380731846;LENOVO;12 Meses;Intel Core I5;8 GB;Estado Solido SSD 512 GB;GeForce RTX 3050;;Windows;15.6 Pulgadas;3.999.000
https://www.ktronix.com/computador-portatil-gamer-rog-strix-g-156-pulgadas-g513rc-amd-ryzen-7-ram-16gb-disco-ssd-512gb-gris/p/4711081640509;ROG;24 Meses;AMD R7;16 GB;Estado Solido SSD 512 GB;GeForce RTX 3050;4GB GDDR6;Windows;15.6 Pulgadas;6.499.000
https://www.ktronix.com/computador-portatil-hp-156-pulgadas-ef2501la-amd-ryzen-5-ram-16gb-disco-ssd-512-gb-plata-natural/p/196337755727;HP;12 Meses;AMD R5;16 GB;Estado Solido SSD 512 GB;;;Windows;15.6 Pulgadas;2.849.000
https://www.ktronix.com/computador-portatil-asus-vivobook-16-pulgadas-x1605za-intel-core-i7-ram-16gb-disco-ssd-512-gb-negro/p/4711387071137;ASUS;12 Meses;Intel Core I7;16 GB;Estado Solido SSD 512 GB;;;Windows;16 Pulgadas;4.199.000
https://www.ktronix.com/computador-portatil-lenovo-14-pulgadas-ideapad-5-amd-r5-ram-16gb-disco-ssd-512gb-azul/p/196802941235;LENOVO;12 Meses;AMD R5;16 GB;Estado Solido SSD 512 GB;;;Windows;14 Pulgadas;2.999.000
https://www.ktronix.com/computador-portatil-asus-14-pulgadas-x415ea-intel-pentium-gold-ram-8gb-disco-ssd-256-gb-plateado/p/4711081811893;ASUS;12 Meses;Intel Pentium;8 GB;Estado Solido SSD 256 GB;;;Windows;14 Pulgadas;1.499.000
https://www.ktronix.com/computador-portatil-hp-156-pulgadas-ef2500la-amd-ryzen-7-ram-16gb-disco-ssd-512-gb-dorado/p/196337755710;HP;12 Meses;AMD R7;16 GB;Estado Solido SSD 512 GB;;;Windows;15.6 Pulgadas;3.249.000
https://www.ktronix.com/computador-portatil-lenovo-14-pulgadas-ideapad-1-intel-core-i5-ram-8gb-disco-ssd-512gb-azul/p/196802802192;LENOVO;12 Meses;Intel Core I5;8 GB;Estado Solido SSD 512 GB;;;Windows;14 Pulgadas;2.119.000
https://www.ktronix.com/computador-portatil-asus-14-pulgadas-e410ma-intel-celeron-ram-4gb-disco-ssd-256-gb-azul/p/4711081812692;ASUS;12 Meses;Intel Celeron;4 GB;Estado Solido SSD 256 GB;;;Windows;14 Pulgadas;1.199.000
https://www.ktronix.com/computador-portatil-lenovo-14-pulgadas-ideapad-3-amd-ryzen-5-ram-8gb-disco-ssd-256gb-azul/p/196802802055;LENOVO;12 Meses;AMD R5;8 GB;Disco Duro HDD 256 GB;;;Windows;14 Pulgadas;1.999.000
https://www.ktronix.com/computador-portatil-lenovo-14-pulgadas-ideapad-3-intel-ci3-ram-8gb-disco-ssd-512gb-azul/p/196802790864;LENOVO;12 Meses;Intel Core I3;8 GB;Estado Solido SSD 512 GB;;;Windows;14 Pulgadas;1.999.000
https://www.ktronix.com/computador-portatil-acer-156-pulgadas-5894-intel-ci5-ram-8gb-disco-ssd-512gb-azul-glaciar/p/4711121319181;ACER;12 Meses;Intel Core I5;8 GB;Estado Solido SSD 512 GB;;;Windows;15.6 Pulgadas;3.299.000
https://www.ktronix.com/computador-portatil-hp-pavilion-14-pulgadas-dv2000la-intel-core-i5-ram-8gb-disco-ssd-512-gb-dorado/p/196548561858;HP;12 Meses;Intel Core I5;8 GB;Estado Solido SSD 512 GB;;;Windows;14 Pulgadas;3.299.000
https://www.ktronix.com/computador-portatil-asus-156-pulgadas-x515ea-intel-core-i7-ram-8gb-disco-ssd-512-gb-gris/p/4711081887980;ASUS;12 Meses;Intel Core I7;8 GB;Estado Solido SSD 512 GB;;;Windows;15.6 Pulgadas;3.299.000
https://www.ktronix.com/computador-portatil-2-en-1-hp-envy-133-pulgadas-ay1021la-amd-ryzen-5-ram-8gb-disco-ssd-512-gb-negro/p/196548768462;HP;12 Meses;AMD R5;8 GB;512 GB SSD;;;Windows;13.3 Pulgadas;4.399.000
https://www.ktronix.com/computador-portatil-lenovo-156-pulgadas-ideapad-5-intel-core-i5-ram-16gb-disco-ssd-256gb-gris/p/196380555831;LENOVO;12 Meses;Intel Core I5;16 GB;Estado Solido SSD 256 GB;;;Windows;15.6 Pulgadas;3.399.000
https://www.ktronix.com/computador-portatil-hp-14-pulgadas-fq1011la-amd-ryzen-5-ram-8gb-disco-ssd-256-gb-plateado/p/196548546107;HP;12 Meses;AMD R5;8 GB;Estado Solido SSD 256 GB;;;Windows;14 Pulgadas;1.899.000
https://www.ktronix.com/computador-portatil-gamer-victus-hp-156-pulgadas-fb0100la-amd-ryzen-5-ram-8gb-disco-ssd-256-gb-negro/p/196548844883;HP;12 Meses;AMD R5;8 GB;Estado Solido SSD 256 GB;GeForce GTX 1650;;Windows;15.6 Pulgadas;3.299.000
https://www.ktronix.com/computador-portatil-pavilion-hp-14-pulgadas-dv2003la-intel-core-i7-ram-12gb-disco-ssd-512-gb-dorado/p/196548561872;HP;12 Meses;Intel Core I7;12 GB;Estado Solido SSD 512 GB;;;Windows;14 Pulgadas;4.599.000
https://www.ktronix.com/computador-portatil-lenovo-14-pulgadas-ideapad-1-intel-core-i3-ram-8gb-disco-ssd-512gb-azul/p/196802802239;LENOVO;12 Meses;Intel Core I3;8 GB;Estado Solido SSD 512 GB;;;Windows;14 Pulgadas;1.999.000
https://www.ktronix.com/computador-portatil-hp-14-pulgadas-dq0508la-intel-pentium-ram-8gb-disco-ssd-256-gb-azul/p/196786001185;HP;12 Meses;Intel Pentium;8 GB;Estado Solido SSD 256 GB;;;Windows;14 Pulgadas;1.499.000
https://www.ktronix.com/computador-portatil-hp-14-pulgadas-dq5000la-intel-core-i5-ram-8gb-disco-ssd-512-gb-plateado/p/197029538673;HP;12 Meses;Intel Core I5;8 GB;Estado Solido SSD 512 GB;;;Windows;14 Pulgadas;2.879.000
https://www.ktronix.com/computador-portatil-hp-pavilion-133-pulgadas-be0500la-amd-ryzen-5-ram-8gb-disco-sdd-512-gb-plata/p/196068158484;HP;12 Meses;AMD R5;8 GB;Estado Solido SSD 512 GB;;;Windows;13.3 Pulgadas;3.099.000
https://www.ktronix.com/macbook-pro-14pulgadas-mphe3e-a-chip-m2-pro-ram-16gb-ssd-512gb-gris/p/194253317876;APPLE;12 Meses;Apple M2 Pro;16 GB;512 GB SSD;;;MacOS;14 Pulgadas;13.379.000
https://www.ktronix.com/computador-portatil-2-en-1-hp-14-pulgadas-dy0005la-intel-core-i3-ram-8gb-disco-ssd-256-gb-azul/p/195908220411;HP;12 Meses;Intel Core I3;8 GB;Estado Solido SSD 256 GB;;;Windows;14 Pulgadas;2.699.000
https://www.ktronix.com/computador-portatil-victus-gamer-hp-161-pulgadas-d0510la-intel-core-i7-ram-16gb-disco-ssd-512-gb-azul/p/196337885172;HP;12 Meses;Intel Core I7;16 GB;Estado Solido SSD 512 GB;GeForce RTX 3060;;Windows;16.1 Pulgadas;7.499.000
https://www.ktronix.com/computador-portatil-acer-14-pulgadas-50nm-intel-ci5-ram-8gb-disco-ssd-1tb-rojo/p/4711121309397;ACER;12 Meses;Intel Core I5;8 GB;Estado Solido SSD 1 TB;;;Windows;14 Pulgadas;3.399.000
https://www.ktronix.com/computador-portatil-gamer-victus-hp-156-pulgadas-fb0107la-amd-ryzen-5-ram-8gb-disco-ssd-512-gb-negro/p/196548844975;HP;12 Meses;AMD R5;8 GB;Estado Solido SSD 512 GB;GeForce GTX 1650;;Windows;15.6 Pulgadas;3.399.000
https://www.ktronix.com/computador-portatil-lenovo-14-pulgadas-ideapad-3-amd-ryzen-3-ram-8gb-disco-ssd-256gb-azul/p/196802802109;LENOVO;12 Meses;AMD R3;8 GB;Estado Solido SSD 256 GB;;;Windows;14 Pulgadas;1.699.000
https://www.ktronix.com/macbook-air-13-pulgadas-mlxw3e-a-chip-m2-ram-8gb-ssd-256gb-gris/p/194253190936;APPLE;12 Meses;APPLE M2;8 GB;Estado Solido SSD 256 GB;;;MacOS;13.6 Pulgadas;7.939.000
https://www.ktronix.com/computador-portatil-asus-vivobook-156-pulgadas-x1502za-intel-core-i5-ram-8gb-disco-ssd-512-gb-azul/p/4711081765387;ASUS;12 Meses;Intel Core I5;8 GB;Estado Solido SSD 512 GB;;;Windows;15.6 Pulgadas;2.999.000
https://www.ktronix.com/computador-portatil-gamer-acer-156-pulgadas-705r-intel-ci7-ram-16gb-disco-ssd-1tb-negro/p/4711121309465;ACER;12 Meses;Intel Core I7;16 GB;Estado Solido SSD 1 TB;GeForce RTX 3060;6GB DDR6;Windows;15.6 Pulgadas;6.999.000
https://www.ktronix.com/computador-portatil-asus-zenbook-oled-14-pulgadas-ux3402za-intel-core-i5-ram-16gb-disco-ssd-512-gb-azul/p/4711081929659;ASUS;12 Meses;Intel Core I5;16 GB;Estado Solido SSD 512 GB;;;Windows;14 Pulgadas;4.999.000
https://www.ktronix.com/computador-portatil-hp-15-pulgadas-ef2524la-amd-r5-ram-8gb-disco-ssd-512-gb-plateado-natural/p/197497269369;HP;12 Meses;AMD R5;8 GB;Estado Solido SSD 512 GB;;;Windows;15 Pulgadas;2.119.000
https://www.ktronix.com/computador-portatil-2-en-1-hp-spectre-135-pulgadas-ef0100la-intel-core-i7-ram-16gb-disco-ssd-1-tb-azul/p/196548673087;HP;12 Meses;Intel Core I7;16 GB;Estado Solido SSD 1 TB;;;Windows;13.5 Pulgadas;8.599.000
https://www.ktronix.com/computador-portatil-asus-14-pulgadas-x415ea-intel-core-i7-ram-8gb-disco-ssd-512-gb-gris/p/4711081788317;ASUS;12 Meses;Intel Core I7;8 GB;Estado Solido SSD 512 GB;;;Windows;14 Pulgadas;2.999.000
https://www.ktronix.com/computador-portatil-hp-14-pulgadas-fq1006la-amd-ryzen-3-ram-8gb-disco-ssd-256-gb-azul/p/196548546060;HP;;AMD R3;8 GB;Estado Solido SSD 256 GB;;;Windows;14 Pulgadas;1.649.000
https://www.ktronix.com/computador-portatil-gamer-victus-hp-161-pulgadas-d0505la-intel-core-i5-ram-16gb-disco-ssd-512-gb-azul/p/196337885127;HP;12 Meses;Intel Core I5;16 GB;Estado Solido SSD 512 GB;GeForce GTX 1650;;Windows;16.1 Pulgadas;4.099.000
https://www.ktronix.com/computador-portatil-hp-pavilion-14-pulgadas-dv2009la-intel-core-i5-ram-8gb-disco-ssd-512-gb-rosado/p/196786085741;HP;12 Meses;Intel Core I5;8 GB;Estado Solido SSD 512 GB;;;Windows;14 Pulgadas;3.399.000
https://www.ktronix.com/computador-portatil-lenovo-14-pulgadas-ideapad-5-intel-ci5-ram-16gb-disco-ssd-512gb-azul/p/196802796095;LENOVO;12 Meses;Intel Core I5;16 GB;Estado Solido SSD 512 GB;;;Windows;14 Pulgadas;3.499.000
https://www.ktronix.com/computador-portatil-asus-vivobook-pro-oled-156-pulgadas-k6500zc-intel-core-i7-ram-16gb-disco-ssd-1tb-azul/p/4711081938996;ASUS;12 Meses;Intel Core I7;16 GB;Estado Solido SSD 1 TB;GeForce RTX 3050;4GB GDDR6;Windows;15.6 Pulgadas;7.799.000
https://www.ktronix.com/computador-portatil-gamer-victus-hp-161-pulgadas-d0507la-intel-core-i5-ram-8gb-disco-ssd-512-gb-azul/p/196337885141;HP;12 Meses;Intel Core I5;8 GB;Estado Solido SSD 512 GB;GeForce RTX 3050;;Windows;16.1 Pulgadas;4.149.000
https://www.ktronix.com/computador-portatil-lenovo-156-pulgadas-ideapad-3-intel-core-i7-ram-8gb-disco-ssd-512gb-gris/p/195890539492;LENOVO;12 Meses;Intel Core I7;8 GB;Estado Solido SSD 512 GB;;;Windows;15.6 Pulgadas;3.599.000
https://www.ktronix.com/computador-portatil-acer-14-pulgadas-31d7-intel-core-i3-ram-8gb-disco-ssd-512gb-plateado/p/4711121437809;ACER;12 Meses;Intel Core I3;8 GB;Estado Solido SSD 512 GB;;;Windows;14 Pulgadas;1.999.000
https://www.ktronix.com/computador-portatil-2-en-1-hp-pavilion-14-pulgadas-dy2002la-intel-core-i5-ram-8gb-disco-ssd-256-gb-plateado/p/196548846108;HP;1 año;Intel Core I5;8 GB;Estado Solido SSD 256 GB;;;Windows;14 Pulgadas;3.799.000
https://www.ktronix.com/computador-portatil-hp-156-pulgadas-ef2505la-amd-ryzen-7-ram-8gb-disco-ssd-512-gb-dorado/p/196337771505;HP;12 Meses;AMD R7;8 GB;Estado Solido SSD 512 GB;;;Windows;15.6 Pulgadas;2.799.000
https://www.ktronix.com/computador-portatil-asus-zenbook-oled-133-pulgadas-um325ua-amd-ryzen-5-ram-8gb-disco-ssd-512-gb-gris/p/4711387041598;ASUS;12 Meses;AMD R5;8 GB;Estado Solido SSD 512 GB;;;Windows;13.3 Pulgadas;3.699.000
https://www.ktronix.com/computador-portatil-acer-156-pulgadas-r2k8-amd-ryzen-7-ram-8gb-disco-ssd-256gb-plateado/p/4710886410683;ACER;12 Meses;AMD R7;8 GB;Estado Solido SSD 256 GB;;;Windows;15.6 Pulgadas;2.899.000
https://www.ktronix.com/computador-portatil-asus-vivobook-pro-oled-156-pulgadas-k6500zc-intel-core-i5-ram-16gb-disco-ssd-512gb-azul/p/4711081811954;ASUS;12 Meses;Intel Core I5;16 GB;Estado Solido SSD 512 GB;GeForce RTX 3050;4GB GDDR6;Windows;15.6 Pulgadas;5.299.000
https://www.ktronix.com/computador-portatil-gamer-acer-156-pulgadas-513j-intel-ci5-ram-8gb-disco-ssd-1tb-negro/p/4711121281525;ACER;12 Meses;Intel Core I5;8 GB;Estado Solido SSD 1 TB;GeForce RTX 3050;4GB DDR6;Windows;15.6 Pulgadas;4.499.000
https://www.ktronix.com/computador-portatil-gamer-lenovo-156-pulgadas-ideapad-gaming-3-intel-core-i5-ram-16gb-disco-ssd-512gb-blanco/p/196802790871;LENOVO;12 Meses;Intel Core I5;16 GB;Estado Solido SSD 512 GB;GeForce RTX 3060;6GB GDDR6;Windows;15.6 Pulgadas;4.999.000
https://www.ktronix.com/computador-portatil-gamer-lenovo-156-pulgadas-legion-5-intel-ci5-ram-16gb-disco-ssd-1tb-ssd-gris/p/196802790826;LENOVO;12 Meses;Intel Core I5;16 GB;Estado Solido SSD 1 TB;GeForce RTX 3060;6GB GDDR6;Windows;15.6 Pulgadas;6.999.000
https://www.ktronix.com/computador-portatil-gamer-lenovo-156-pulgadas-legion-5-amd-ryzen-7-ram-16gb-disco-ssd-512gb-azul/p/195890456676;LENOVO;12 Meses;AMD R7;16 GB;Estado Solido SSD 512 GB;GeForce RTX 3060;;Windows;15.6 Pulgadas;6.999.000
https://www.ktronix.com/computador-portatil-asus-vivobook-pro-oled-156-pulgadas-k3500pa-intel-core-i5-ram-8gb-disco-ssd-512gb-azul/p/4711081489276;ASUS;12 Meses;Intel Core I5;8 GB;Estado Solido SSD 512 GB;;;Windows;15.6 Pulgadas;3.499.000
https://www.ktronix.com/computador-portatil-asus-zenbook-pro-duo-oled-145-pulgadas-ux8402za-intel-core-i7-ram-16gb-disco-ssd-1tb-negro/p/4711081733928;ASUS;12 Meses;Intel Core I7;16 GB;Estado Solido SSD 1 TB;;;Windows;14.5 Pulgadas;9.999.000
https://www.ktronix.com/computador-portatil-asus-vivobook-s-oled-14-pulgadas-m3402qa-amd-r7-ram-16gb-disco-ssd-512gb-verde/p/4711081989189;ASUS;12 Meses;AMD R7;16 GB;Estado Solido SSD 512 GB;;;Windows;14 Pulgadas;5.499.000
https://www.ktronix.com/computador-portatil-lenovo-14-pulgadas-yoga-slim-7-pro-amd-ryzen-5-ram-16gb-disco-ssd-512gb-gris/p/196380731877;LENOVO;12 Meses;AMD R5;16 GB;Estado Solido SSD 512 GB;GeForce MX450;;Windows;14 Pulgadas;3.999.000
https://www.ktronix.com/computador-portatil-gamer-acer-156-pulgadas-56jy-intel-ci5-ram-12gb-disco-ssd-1tb-negro/p/4711121281532;ACER;12 Meses;Intel Core I5;12 GB;Estado Solido SSD 1 TB;GeForce RTX 3050;4GB DDR6;Windows;15.6 Pulgadas;4.699.000
https://www.ktronix.com/macbook-pro-16pulgadas-mnw93e-a-chip-m2-pro-ram-16gb-ssd-1tb-gris/p/194253297215;APPLE;12 Meses;Apple M2 Pro;16 GB;1000 GB SSD;;;MacOS;16 Pulgadas;17.199.000
https://www.ktronix.com/computador-portatil-lenovo-14-pulgadas-ideapad-5-amd-ryzen-7-ram-16gb-disco-ssd-512gb-gris/p/196379131329;LENOVO;12 Meses;AMD R7;16 GB;Estado Solido SSD 512 GB;;;Windows;14 Pulgadas;3.499.000
https://www.ktronix.com/computador-portatil-gamer-victus-hp-156-pulgadas-fb0104la-amd-ryzen-5-ram-16gb-disco-ssd-512-gb-plata-mica/p/196548844906;HP;12 Meses;AMD R5;16 GB;Estado Solido SSD 512 GB;GeForce RTX 3050;;Windows;15.6 Pulgadas;4.899.000
https://www.ktronix.com/computador-portatil-lenovo-156-pulgadas-ideapad-5-intel-core-i7-ram-8gb-disco-ssd-512gb-gris/p/196379250280;LENOVO;12 Meses;Intel Core I7;8 GB;Estado Solido SSD 512 GB;;;Windows;15.6 Pulgadas;3.599.000
https://www.ktronix.com/macbook-air-13-pulgadas-mly13e-a-chip-m2-ram-8gb-ssd-256gb-blanco/p/194253191018;APPLE;12 Meses;APPLE M2;8 GB;Estado Solido SSD 256 GB;;;MacOS;13.6 Pulgadas;7.939.000
https://www.ktronix.com/computador-portatil-gamer-lenovo-156-pulgadas-ideapad-gaming-3-amd-ryzen-5-ram-8gb-disco-ssd-512gb-blanco/p/196801133945;LENOVO;12 Meses;AMD R5;8 GB;Estado Solido SSD 512 GB;GeForce RTX 3050;4GB GDDR6;Windows;15.6 Pulgadas;4.199.000
https://www.ktronix.com/computador-portatil-asus-zenbook-oled-14-pulgadas-um5401qa-amd-r5-ram-16gb-disco-ssd-512-gb-negro/p/4711081489696;ASUS;12 Meses;AMD R5;16 GB;Estado Solido SSD 512 GB;;;Windows;14 Pulgadas;4.799.000
https://www.ktronix.com/computador-portatil-asus-vivobook-pro-oled-14-pulgadas-k3400ph-intel-core-i5-ram-8gb-disco-ssd-512-gb-plateado/p/4711081686842;ASUS;12 Meses;Intel Core I5;8 GB;Estado Solido SSD 512 GB;GeForce GTX 1650;4GB GDDR6;Windows;14 Pulgadas;3.499.000
https://www.ktronix.com/computador-portatil-gamer-victus-hp-156-pulgadas-fb0106la-amd-ryzen-5-ram-8gb-disco-ssd-256-gb-blanco/p/196548844968;HP;12 Meses;AMD R5;8 GB;Estado Solido SSD 256 GB;GeForce GTX 1650;;Windows;15.6 Pulgadas;3.199.000
https://www.ktronix.com/computador-escritorio-gamer-victus-hp-238-pulgadas-tg02-0002lam-intel-core-i5-ram-8gb-disco-ssd-512-gb-gris/p/196548729449;HP;12 Meses;Intel Core I5;8 GB;Estado Solido SSD 512 GB;GeForce GTX 1650;4GB;Windows;23.8 Pulgadas;4.399.000
https://www.ktronix.com/computador-portatil-hp-pavilion-14-pulgadas-dv2007la-intel-core-i7-ram-8gb-disco-ssd-512-gb-plateado/p/196786172915;HP;1 año;Intel Core I7;8 GB;Estado Solido SSD 512 GB;;;Windows;14 Pulgadas;4.299.000
https://www.ktronix.com/computador-portatil-gamer-rog-strix-g-156-pulgadas-g513rm-amd-ryzen-7-ram-16gb-disco-ssd-1tb-gris/p/4711081783572;ROG;24 Meses;AMD R7;16 GB;Estado Solido SSD 1 TB;GeForce RTX 3060;6GB GDDR6;Windows;15.6 Pulgadas;7.999.000
https://www.ktronix.com/computador-portatil-hp-zbook-14-pulgadas-firefly-g8-intel-core-i7-ram-16gb-disco-ssd-512-gb-gris/p/195908269311;HP;12 Meses;Intel Core I7;16 GB;Estado Solido SSD 512 GB;;;Windows;14 Pulgadas;7.650.000
https://www.ktronix.com/computador-portatil-acer-156-pulgadas-53kl-intel-core-i5-ram-8gb-disco-ssd-512gb-negro/p/4710886885740;ACER;12 Meses;Intel Core I5;8 GB;Estado Solido SSD 512 GB;;;Windows;15.6 Pulgadas;3.499.000
https://www.ktronix.com/computador-portatil-lenovo-14-pulgadas-ideapad-1-intel-core-i5-ram-8gb-disco-ssd-512gb-azul/p/196800838407;LENOVO;12 Meses;Intel Core I5;8 GB;Estado Solido SSD 512 GB;;;Windows;14 Pulgadas;3.179.000
https://www.ktronix.com/computador-portatil-gamer-msi-156-pulgadas-katana-gf66-11uc-intel-core-i5-ram-8gb-disco-ssd-512gb-negro/p/824142250099;MSI;12 Meses;Intel Core I5;8 GB;Estado Solido SSD 512 GB;GeForce RTX 3050;;Windows;15.6 Pulgadas;4.499.000
https://www.ktronix.com/computador-portatil-acer-156-pulgadas-760n-intel-core-i7-ram-8gb-disco-ssd-512gb-negro/p/4710886885757;ACER;12 Meses;Intel Core I7;8 GB;Estado Solido SSD 512 GB;;;Windows;15.6 Pulgadas;4.969.000
https://www.ktronix.com/computador-portatil-acer-14-pulgadas-59uv-intel-ci5-ram-16gb-disco-ssd-512gb-azul-grisaceo/p/4711121274923;ACER;12 Meses;Intel Core I5;16 GB;Estado Solido SSD 512 GB;;;Windows;14 Pulgadas;4.799.000
https://www.ktronix.com/computador-portatil-acer-15-pulgadas-r1g8-amd-r3-ram-8gb-disco-ssd-256gb-azul/p/4711121324956;ACER;12 Meses;AMD R3;8 GB;Estado Solido SSD 256 GB;;;Windows;15.6 Pulgadas;1.949.000
https://www.ktronix.com/computador-portatil-acer-14-pulgadas-50vp-intel-ci5-ram-8gb-disco-ssd-512gb-plateado/p/4711121319228;ACER;12 Meses;Intel Core I5;8 GB;Estado Solido SSD 512 GB;;;Windows;14 Pulgadas;2.999.000
https://www.ktronix.com/computador-portatil-asus-vivobook-156-pulgadas-e1504-amd-ryzen-5-ram-8gb-disco-ssd-512-gb-negro/p/4711387121009;ASUS;12 Meses;AMD R5;8 GB;Estado Solido SSD 512 GB;;;Windows;15.6 Pulgadas;2.119.000
https://www.ktronix.com/computador-portatil-asus-vivobook-oled-156-pulgadas-e1504-amd-ryzen-5-ram-8gb-disco-ssd-512-gb-negro/p/4711387145708;ASUS;12 Meses;AMD R5;8 GB;Estado Solido SSD 512 GB;;;Windows;15.6 Pulgadas;3.199.000
https://www.ktronix.com/computador-portatil-gamer-asus-tuf-156-pulgadas-fx506-intel-core-i5-ram-8gb-disco-ssd-512-gb-negro/p/4711387063491;ASUS;12 Meses;Intel Core I5;8 GB;Estado Solido SSD 512 GB;GeForce RTX 3050;4GB GDDR6;Windows;15.6 Pulgadas;3.999.000
https://www.ktronix.com/computador-portatil-acer-15-pulgadas-57r2-intel-core-i5-ram-16gb-disco-ssd-1tb-negro/p/4711121440144;ACER;12 Meses;Intel Core I5;16 GB;Estado Solido SSD 1 TB;GeForce RTX 3060;6GB DDR6;Windows;15.6 Pulgadas;7.299.000
https://www.ktronix.com/computador-portatil-acer-15-pulgadas-737a-intel-core-i7-ram-16gb-disco-ssd-1tb-negro/p/4711121440076;ACER;12 Meses;Intel Core I7;16 GB;Estado Solido SSD 1 TB;GeForce RTX 3060;6GB DDR6;Windows;15.6 Pulgadas;7.899.000
https://www.ktronix.com/computador-portatil-gamer-acer-156-pulgadas-r0zz-amd-r5-ram-8gb-disco-ssd-512gb-negro/p/4711121319211;ACER;12 Meses;AMD R5;8 GB;Estado Solido SSD 512 GB;GeForce RTX 3050;4GB DDR6;Windows;15.6 Pulgadas;4.499.000
https://www.ktronix.com/computador-portatil-gamer-acer-156-pulgadas-71t3-intel-ci7-ram-8gb-disco-ssd-512gb-negro/p/4711121319112;ACER;12 Meses;Intel Core I7;8 GB;Estado Solido SSD 512 GB;GeForce RTX 3050;4GB DDR6;Windows;15.6 Pulgadas;5.999.000
https://www.ktronix.com/computador-portatil-acer-14-pulgadas-534j-intel-core-i5-ram-8gb-disco-ssd-512gb-plateado/p/4711121299674;ACER;12 Meses;Intel Core I5;8 GB;Estado Solido SSD 512 GB;;;Windows;14 Pulgadas;5.000.000
https://www.ktronix.com/computador-portatil-gamer-predator-16-pulgadas-793d-intel-ci7-ram-16gb-disco-ssd-1tb-negro/p/4711121221880;PREDATOR;12 Meses;Intel Core I7;16 GB;Estado Solido SSD 1 TB;GeForce RTX 3060;6GB;Windows;16 Pulgadas;10.999.000
https://www.ktronix.com/computador-portatil-acer-14-pulgadas-58gn-intel-ci5-ram-8gb-disco-ssd-512gb-plateado/p/4711121201950;ACER;12 Meses;Intel Core I5;8 GB;Estado Solido SSD 512 GB;;;Windows;14 Pulgadas;3.999.000
https://www.ktronix.com/computador-portatil-gamer-predator-16-pulgadas-79a9-intel-ci7-ram-16gb-disco-ssd-1tb-negro/p/4711121120701;PREDATOR;12 Meses;Intel Core I7;16 GB;Estado Solido SSD 1 TB;GeForce RTX 3070;8GB;Windows;16 Pulgadas;12.999.000
https://www.ktronix.com/computador-portatil-gamer-predator-15-pulgadas-79kw-intel-ci7-ram-16gb-disco-ssd-512tb-negro/p/4711121120640;PREDATOR;12 Meses;Intel Core I7;16 GB;Estado Solido SSD 512 GB;GeForce RTX 3060;6GB;Windows;15.6 Pulgadas;15.000.000
https://www.ktronix.com/computador-convertible-2en1-asus-zenbook-fold-173-pulgadas-ux9702aa-intel-core-i7-ram-16gb-disco-ssd-1tb-negro/p/4711081920847;ASUS;;Intel Core I7;16 GB;Estado Solido SSD 1 TB;;;Windows;17.3 Pulgadas;16.999.000
https://www.ktronix.com/computador-portatil-asus-zenbook-pro-oled-16-pulgadas-ux7602zm-intel-core-i9-ram-32gb-disco-ssd-1tb-negro/p/4711081796237;ASUS;12 Meses;Intel Core I9;32 GB;Estado Solido SSD 1 TB;GeForce RTX 3060;6GB GDDR6;Windows;16 Pulgadas;15.999.000
https://www.ktronix.com/computador-portatil-gamer-rog-strix-scar-se-173-pulgadas-g733cx-intel-core-i9-ram-32gb-disco-ssd-2tb-negro/p/4711081774303;ROG;24 Meses;Intel Core I9;32 GB;Estado Solido SSD 2 TB;GeForce RTX 3080 Ti;16GB GDDR6;Windows;17.3 Pulgadas;19.999.000
https://www.ktronix.com/computador-portatil-gamer-rog-zephyrus-duo-16-pulgadas-gx650rx-amd-ryzen-9-ram-32gb-disco-ssd-2tb-negro/p/4711081770787;ROG;24 Meses;AMD R9;32 GB;Estado Solido SSD 2 TB;GeForce RTX 3080 Ti;16GB GDDR6;Windows;16 Pulgadas;19.999.000
https://www.ktronix.com/computador-portatil-gamer-rog-zephyrus-g-14-pulgadas-ga402rj-amd-ryzen-9-ram-16gb-disco-ssd-1tb-negro/p/4711081766308;ROG;24 Meses;AMD R9;16 GB;Estado Solido SSD 1 TB;Radeon RX 6700S;8GB GDDR6;Windows;14 Pulgadas;11.999.000
https://www.ktronix.com/computador-portatil-gamer-victus-hp-156-pulgadas-fb0102la-amd-ryzen-5-ram-8gb-disco-ssd-512-gb-gris/p/197497272383;HP;12 Meses;AMD R5;8 GB;Estado Solido SSD 512 GB;GeForce GTX 1650;4GB;Windows;15.6 Pulgadas;3.649.000
https://www.ktronix.com/computador-portatil-hp-156-pulgadas-ef1505la-amd-ryzen-3-ram-12gb-disco-ssd-256-gb-plata/p/197029434524;HP;12 Meses;AMD R3;12 GB;Estado Solido SSD 256 GB;;;Windows;15.6 Pulgadas;1.899.000
https://www.ktronix.com/computador-portatil-gamer-omen-161-pulgadas-b0506la-intel-core-i7-ram-8gb-disco-ssd-512-gb-negro-sombra/p/196068572150;OMEN;12 Meses;Intel Core I7;8 GB;Estado Solido SSD 512 GB;GeForce RTX 3050 Ti;;Windows;16.1 Pulgadas;6.199.000
https://www.ktronix.com/computador-portatil-gamer-omen-hp-161-pulgadas-c0501la-amd-ryzen-5-ram-8gb-disco-ssd-512-gb-plateado-mica/p/196068436650;HP;12 Meses;AMD R5;8 GB;Estado Solido SSD 512 GB;GeForce GTX 1650;;Windows;16.1 Pulgadas;4.299.000
https://www.ktronix.com/macbook-pro-14pulgadas-mphf3e-a-chip-m2-pro-ram-16gb-sdd-1tb-gris/p/194253318323;APPLE;12 Meses;Apple M2 Pro;16 GB;1000 GB SSD;;;MacOS;14 Pulgadas;16.579.000
https://www.ktronix.com/macbook-pro16pulgadas-mnw83e-a-chip-m2-pro-ram-16gb-ssd-512gb-gris/p/194253296775;APPLE;12 Meses;Apple M2 Pro;16 GB;512 GB SSD;;;MacOS;16 Pulgadas;15.999.000
https://www.ktronix.com/macbook-air-13-pulgadas-mly23e-a-chip-m2-ram-8gb-ssd-512gb-blanco/p/194253191032;APPLE;12 Meses;APPLE M2;8 GB;Estado Solido SSD 512 GB;;;MacOS;13.6 Pulgadas;9.834.000
https://www.ktronix.com/macbook-air-13-pulgadas-mly03e-a-chip-m2-ram-8gb-ssd-512gb-plata/p/194253190998;APPLE;12 Meses;APPLE M2;8 GB;Estado Solido SSD 512 GB;;;MacOS;13.6 Pulgadas;9.834.000
https://www.ktronix.com/macbook-air-13-pulgadas-mlxx3e-a-chip-m2-ram-8gb-ssd-512gb-gris/p/194253190950;APPLE;12 Meses;APPLE M2;8 GB;Estado Solido SSD 512 GB;;;MacOS;13.6 Pulgadas;9.834.000
https://www.ktronix.com/macbook-pro-14pulgadas-mkgt3e-a-chip-m1-pro-1tb-ssd-plata/p/194252550472;APPLE;12 Meses;APPLE M1;;Estado Solido SSD 1 TB;;;MacOS;14.2 Pulgadas;13.199.000
